Name,URL,Agrivoltaic Activities,System Size,Site Size,Year Installed,PV Technology,Type Of Array,Habitat Type,Crop Types,Animal Type
Abel,https://openei.org/wiki/InSPIRE/Sites/Abel,Habitat,2.4,17,2020,Monofacial PV,Single-axis Tracking,Pollinator,,
Acturus Community Solar,https://openei.org/wiki/InSPIRE/Sites/Acturus_Community_Solar,Habitat,1.5,7.6,2018,,Fixed,Native grasses,,
Agard-enfield,https://openei.org/wiki/InSPIRE/Sites/Agard-enfield,Grazing,2.3,4.5,2017,Monofacial PV,Fixed,,,Sheep
Agawam,https://openei.org/wiki/InSPIRE/Sites/Agawam,Habitat,1.8,9,2012,,Fixed,Pollinator,,
Albany,https://openei.org/wiki/InSPIRE/Sites/Albany,"Habitat,Grazing",15.2,100.8,2016,Monofacial PV,Single-axis Tracking,Pollinator,,Sheep
Alden Road Harvard Solar 1,https://openei.org/wiki/InSPIRE/Sites/Alden_Road_Harvard_Solar_1,Habitat,2.4,15.1,2020,,Fixed,Pollinator,,
All In Solar,https://openei.org/wiki/InSPIRE/Sites/All_In_Solar,Habitat,1.4,8.5,2020,,Single-axis Tracking,Pollinator,,
Alliant Energy Solar Farm at Iowa State University,https://openei.org/wiki/InSPIRE/Sites/Alliant_Energy_Solar_Farm_at_Iowa_State_University,"Crop Production,Habitat",1.375,6,2023,Bifacial PV,Single-axis Tracking,Pollinator,"Broccoli, bell pepper, raspberry, summer squash, strawberry",
"Allis Medina Solar, LLC (CSG)","https://openei.org/wiki/InSPIRE/Sites/Allis_Medina_Solar,_LLC_(CSG)",Grazing,7.3,20.2,2020,,Single-axis Tracking,,,Sheep
Allium Community Solar Garden,https://openei.org/wiki/InSPIRE/Sites/Allium_Community_Solar_Garden,Habitat,1.5,7.6,2021,,Single-axis Tracking,Pollinator,,
Altair Community Solar Garden,https://openei.org/wiki/InSPIRE/Sites/Altair_Community_Solar_Garden,Habitat,1.5,11.5,2019,,Fixed,Native grasses,,
American Bottoms,https://openei.org/wiki/InSPIRE/Sites/American_Bottoms,Habitat,1.8,6,2020,,Single-axis Tracking,Pollinator,,
American Kings Solar,https://openei.org/wiki/InSPIRE/Sites/American_Kings_Solar,Grazing,172.3,665,2020,,Single-axis Tracking,,,Sheep
Ames Electric Services Power Plant,https://openei.org/wiki/InSPIRE/Sites/Ames_Electric_Services_Power_Plant,"Habitat,Grazing",2.2,10,2020,,Fixed,Pollinator,,Sheep
Amherst Sunderland Road,https://openei.org/wiki/InSPIRE/Sites/Amherst_Sunderland_Road,"Habitat,Grazing",4.03,13.7,2019,,Fixed,Pollinator,,Sheep
Anderson Community Solar Garden,https://openei.org/wiki/InSPIRE/Sites/Anderson_Community_Solar_Garden,Habitat,1,7,2022,,Fixed,Pollinator,,
Andromeda Community Solar,https://openei.org/wiki/InSPIRE/Sites/Andromeda_Community_Solar,"Habitat,Grazing",6.5,30.02,2017,Other,Fixed,Pollinator,,Sheep
Animal Farm Cook Campus,https://openei.org/wiki/InSPIRE/Sites/Animal_Farm_Cook_Campus,"Habitat,Grazing",0.17,2.89,2024,Bifacial PV,Fixed,,Hay,Cows
Annandale,https://openei.org/wiki/InSPIRE/Sites/Annandale,Habitat,9.1,66.22,2016,Monofacial PV,Single-axis Tracking,Pollinator,,
Anoka County MN CONX,https://openei.org/wiki/InSPIRE/Sites/Anoka_County_MN_CONX,Habitat,4.6,18,2018,Monofacial PV,Fixed,Pollinator,,
Antares Community Solar,https://openei.org/wiki/InSPIRE/Sites/Antares_Community_Solar,"Habitat,Grazing",3.9,18.1,2018,Other,Single-axis Tracking,Pollinator,,Sheep
Antlia Community Solar,https://openei.org/wiki/InSPIRE/Sites/Antlia_Community_Solar,"Habitat,Grazing",2.6,18.64,2017,Other,Fixed,Pollinator,,Sheep
Aquarius Community Solar,https://openei.org/wiki/InSPIRE/Sites/Aquarius_Community_Solar,Habitat,1.5,11.1,2019,,Fixed,Native grasses,,
Arcadia Solar,https://openei.org/wiki/InSPIRE/Sites/Arcadia_Solar,Habitat,6.8,30,2019,Monofacial PV,Single-axis Tracking,Pollinator,,
Argo Navis Community Solar,https://openei.org/wiki/InSPIRE/Sites/Argo_Navis_Community_Solar,"Habitat,Grazing",3.9,21.54,2018,Other,Fixed,Pollinator,,Sheep
Aries Community Solar,https://openei.org/wiki/InSPIRE/Sites/Aries_Community_Solar,Habitat,5.2,23.12,2017,Other,Fixed,Pollinator,,
Ash Ridge DPC Solar,https://openei.org/wiki/InSPIRE/Sites/Ash_Ridge_DPC_Solar,Habitat,0.7,5.4,2017,,Single-axis Tracking,Pollinator,,
Aspiration G,https://openei.org/wiki/InSPIRE/Sites/Aspiration_G,Grazing,11.7,80,2017,,Single-axis Tracking,,,Sheep
Athens Solar,https://openei.org/wiki/InSPIRE/Sites/Athens_Solar,Habitat,8.8,40.3,2018,,Fixed,Pollinator,,
Atwater - O,https://openei.org/wiki/InSPIRE/Sites/Atwater_-_O,Habitat,5.9,26.1,2016,Monofacial PV,Single-axis Tracking,Pollinator,,
Auburn Renewables Solar Array,https://openei.org/wiki/InSPIRE/Sites/Auburn_Renewables_Solar_Array,Habitat,14.7,55,2022,,Fixed,Pollinator,,
Auriga Community Solar,https://openei.org/wiki/InSPIRE/Sites/Auriga_Community_Solar,Habitat,1.5,7.77,2018,,Fixed,Native grasses,,
B&B Solar,https://openei.org/wiki/InSPIRE/Sites/B&B_Solar,Habitat,1.2,6.9,2020,,Single-axis Tracking,Pollinator,,
B.R. Corcoran CSG,https://openei.org/wiki/InSPIRE/Sites/B.R._Corcoran_CSG,Habitat,7,32.6,2017,,Fixed,Pollinator,,
B.R. Sartell CSG,https://openei.org/wiki/InSPIRE/Sites/B.R._Sartell_CSG,"Habitat,Grazing",4.2,18.95,2017,Monofacial PV,Fixed,Pollinator,,Sheep
B.R. Sauk Rapids CSG,https://openei.org/wiki/InSPIRE/Sites/B.R._Sauk_Rapids_CSG,Habitat,7,30.43,2017,,Fixed,Pollinator,,
BD Solar North Bridgton,https://openei.org/wiki/InSPIRE/Sites/BD_Solar_North_Bridgton,Grazing,4.99,21.5,2020,,Fixed,,,Sheep
"BT Cooke Solar, LLC","https://openei.org/wiki/InSPIRE/Sites/BT_Cooke_Solar,_LLC",Grazing,81.4,415,2020,,Single-axis Tracking,,,Sheep
Badgervoltaics - Kegonsa Research Station,https://openei.org/wiki/InSPIRE/Sites/Badgervoltaics_-_Kegonsa_Research_Station,"Crop Production,Habitat",2.87,16.44,2025,Bifacial PV,Single-axis Tracking,Native grasses,"Currants, elderberry",
Ballenger-McKinney Photovoltaic Solar Project,https://openei.org/wiki/InSPIRE/Sites/Ballenger-McKinney_Photovoltaic_Solar_Project,Grazing,1.3,4.9,2018,,Fixed,,,Sheep
Bancroft Station Solar Farm,https://openei.org/wiki/InSPIRE/Sites/Bancroft_Station_Solar_Farm,Grazing,139.7,"1,200",2019,,Single-axis Tracking,,,Sheep
Bandera Electric Coop PV,https://openei.org/wiki/InSPIRE/Sites/Bandera_Electric_Coop_PV,Habitat,2,11.4,2017,Monofacial PV,Single-axis Tracking,Pollinator,,
Barone CSG,https://openei.org/wiki/InSPIRE/Sites/Barone_CSG,Habitat,1.4,7.1,2018,,Fixed,Pollinator,,
Bauer Community Solar Garden,https://openei.org/wiki/InSPIRE/Sites/Bauer_Community_Solar_Garden,Habitat,1.3,8.4,2021,,Fixed,,,
"Beals Medina Solar, LLC (CSG)","https://openei.org/wiki/InSPIRE/Sites/Beals_Medina_Solar,_LLC_(CSG)",Grazing,5.2,14.2,2020,,Fixed,,,Sheep
Becker Solar 1,https://openei.org/wiki/InSPIRE/Sites/Becker_Solar_1,Habitat,1.4,6,2019,,Fixed,"Pollinator, Native grasses",,
Becker Solar 2,https://openei.org/wiki/InSPIRE/Sites/Becker_Solar_2,Habitat,1.4,6,2019,,Fixed,"Pollinator, Native grasses",,
Becker Solar 3,https://openei.org/wiki/InSPIRE/Sites/Becker_Solar_3,Habitat,1.4,6,2019,,Fixed,"Pollinator, Native grasses",,
Becker Solar 4,https://openei.org/wiki/InSPIRE/Sites/Becker_Solar_4,Habitat,1.4,6,2019,,Fixed,"Pollinator, Native grasses",,
Becker Solar 5,https://openei.org/wiki/InSPIRE/Sites/Becker_Solar_5,Habitat,1.4,6,2019,,Fixed,"Pollinator, Native grasses",,
Bellflower Solar Farm,https://openei.org/wiki/InSPIRE/Sites/Bellflower_Solar_Farm,"Habitat,Grazing",173,"1,400",2022,Monofacial PV,Single-axis Tracking,"Pollinator, Native grasses",,Sheep
Big Lake Project CSG,https://openei.org/wiki/InSPIRE/Sites/Big_Lake_Project_CSG,Habitat,6.9,39.5,2018,,Single-axis Tracking,Native grasses,,
Big Lake Solar,https://openei.org/wiki/InSPIRE/Sites/Big_Lake_Solar,"Crop Production,Habitat",1.4,18.1,2018,Monofacial PV,Single-axis Tracking,"Pollinator, Native grasses","Vegetables (kohlrabi, cabbage, broccoli, kale, chard, peppers, parsley, tomatoes)",
Bighorn Solar,https://openei.org/wiki/InSPIRE/Sites/Bighorn_Solar,"Habitat,Grazing",300,"1,800",2021,Bifacial PV,Single-axis Tracking,Native grasses,,Sheep
Billings Road,https://openei.org/wiki/InSPIRE/Sites/Billings_Road,Habitat,2.3,7.9,2021,,Fixed,Pollinator,,
Blue Prairie,https://openei.org/wiki/InSPIRE/Sites/Blue_Prairie,"Grazing,Habitat",3.1,18.96,2021,,Single-axis Tracking,Native grasses,,Sheep
Bluff Country Solar,https://openei.org/wiki/InSPIRE/Sites/Bluff_Country_Solar,Habitat,1.4,9,2020,,Single-axis Tracking,Pollinator,,
Bone Hill,https://openei.org/wiki/InSPIRE/Sites/Bone_Hill,Habitat,1.8,9.4,2020,,Fixed,Pollinator,,
Bongards,https://openei.org/wiki/InSPIRE/Sites/Bongards,Habitat,6.9,34.275,2016,,Fixed,Pollinator,,
Borner,https://openei.org/wiki/InSPIRE/Sites/Borner,"Habitat,Grazing",5,39.65,,,Single-axis Tracking,Pollinator,,Sheep
Boulder Housing Partners Triangle Solar Array,https://openei.org/wiki/InSPIRE/Sites/Boulder_Housing_Partners_Triangle_Solar_Array,"Crop Production,Habitat",0.63,3.8,2021,Monofacial PV,Fixed,Pollinator,,
Boutillier Solar,https://openei.org/wiki/InSPIRE/Sites/Boutillier_Solar,Grazing,0.65,3.2,2016,,Fixed,,,Sheep
Briar Creek Solar,https://openei.org/wiki/InSPIRE/Sites/Briar_Creek_Solar,"Grazing,Habitat",153.5,765,2021,,Single-axis Tracking,"Pollinator, Native grasses",,Sheep
Brick Solar,https://openei.org/wiki/InSPIRE/Sites/Brick_Solar,Habitat,2.7,16,2021,,Single-axis Tracking,Pollinator,,
Brimfield,https://openei.org/wiki/InSPIRE/Sites/Brimfield,Grazing,2.6,5,2021,,Fixed,,,Sheep
Brook Solar,https://openei.org/wiki/InSPIRE/Sites/Brook_Solar,Grazing,4,20,2024,,,,,Sheep
Brude Solar,https://openei.org/wiki/InSPIRE/Sites/Brude_Solar,Habitat,0.6,6,2019,,Single-axis Tracking,Pollinator,,
Bryan Floyd,https://openei.org/wiki/InSPIRE/Sites/Bryan_Floyd,Grazing,1.9,14.2,2023,,Single-axis Tracking,,,Sheep
Buckaroo Solar,https://openei.org/wiki/InSPIRE/Sites/Buckaroo_Solar,Habitat,1.4,8.2,2020,,Single-axis Tracking,Pollinator,,
Buffalo Garden,https://openei.org/wiki/InSPIRE/Sites/Buffalo_Garden,Habitat,1.3,5.21,2020,,Fixed,Native grasses,,
Bunker Hill,https://openei.org/wiki/InSPIRE/Sites/Bunker_Hill,Habitat,2.4,18,2021,,,Pollinator,,
Burgundy Brook Farm Agrivoltaic Project,https://openei.org/wiki/InSPIRE/Sites/Burgundy_Brook_Farm_Agrivoltaic_Project,"Crop Production,Habitat,Grazing",2.4,12,2023,Bifacial PV,Single-axis Tracking,"Naturalized, Pollinator",Hay,Cattle
Bush Solar,https://openei.org/wiki/InSPIRE/Sites/Bush_Solar,Habitat,1.4,7.8,2020,,Single-axis Tracking,Pollinator,,
"CF Novel Solar CSG Gardens Eleven, LLC","https://openei.org/wiki/InSPIRE/Sites/CF_Novel_Solar_CSG_Gardens_Eleven,_LLC",Habitat,3.6,22,2017,Monofacial PV,Fixed,Pollinator,,
"CGSun, LLC Community Solar","https://openei.org/wiki/InSPIRE/Sites/CGSun,_LLC_Community_Solar",Habitat,5,35,2017,Monofacial PV,Fixed,Pollinator,,
CSU Foothills Campus - Rooftop Agrivoltaics Research,https://openei.org/wiki/InSPIRE/Sites/CSU_Foothills_Campus_-_Rooftop_Agrivoltaics_Research,"Crop Production,Habitat",0.01,0.1,2009,Translucent PV,Fixed,Pollinator,"Leafy Greens, Berries",
CSU Spur Campus - Rooftop Agrivoltaics,https://openei.org/wiki/InSPIRE/Sites/CSU_Spur_Campus_-_Rooftop_Agrivoltaics,"Crop Production,Habitat",0.046,0.1,2022,Bifacial PV,Fixed,,,
Caelum Community Solar,https://openei.org/wiki/InSPIRE/Sites/Caelum_Community_Solar,"Habitat,Grazing",2.6,9.17,2017,Other,Fixed,Pollinator,,Sheep
California: Habitat & Wildlife Monitoring,https://openei.org/wiki/InSPIRE/Sites/California:_Habitat_&_Wildlife_Monitoring,Habitat,0.1,0.1,,,,,,
Cambridge Solar,https://openei.org/wiki/InSPIRE/Sites/Cambridge_Solar,Habitat,2.4,14.5,2019,,Single-axis Tracking,Pollinator,,
Camp Ripley,https://openei.org/wiki/InSPIRE/Sites/Camp_Ripley,Habitat,13.1,62,2016,,Fixed,Pollinator,,
Candor,https://openei.org/wiki/InSPIRE/Sites/Candor,Grazing,1.11,4,2017,Monofacial PV,Fixed,,,Sheep
Canopus Community Solar Garden,https://openei.org/wiki/InSPIRE/Sites/Canopus_Community_Solar_Garden,Habitat,1.5,10.21,2019,Other,Fixed,,,
Capella Community Solar,https://openei.org/wiki/InSPIRE/Sites/Capella_Community_Solar,"Habitat,Grazing",6.5,34.31,2017,Other,Fixed,Pollinator,,Sheep
Capricornus Community Solar Garden,https://openei.org/wiki/InSPIRE/Sites/Capricornus_Community_Solar_Garden,Habitat,1.5,10.99,2019,Other,Fixed,Pollinator,,
Carina Community Solar,https://openei.org/wiki/InSPIRE/Sites/Carina_Community_Solar,Habitat,5.2,24.42,2018,Other,Fixed,Pollinator,,
Carpenter Hill,https://openei.org/wiki/InSPIRE/Sites/Carpenter_Hill,Grazing,0.834,8.8,2018,,Fixed,,,Sheep
Carrizozo,https://openei.org/wiki/InSPIRE/Sites/Carrizozo,Habitat,3.6,22.6,2018,,Single-axis Tracking,Pollinator,,
Carter Farms,https://openei.org/wiki/InSPIRE/Sites/Carter_Farms,Habitat,1.3,6.5,2019,Monofacial PV,Single-axis Tracking,"Pollinator, Native grasses",,
Catherine,https://openei.org/wiki/InSPIRE/Sites/Catherine,Grazing,4.3,19,2024,,Single-axis Tracking,,,Sheep
Catskill View Solar Farm,https://openei.org/wiki/InSPIRE/Sites/Catskill_View_Solar_Farm,"Habitat,Grazing",6,10,2022,,Single-axis Tracking,Pollinator,,Sheep
Cedar RD,https://openei.org/wiki/InSPIRE/Sites/Cedar_RD,Grazing,2.5,13.6,2017,,Fixed,,,Sheep
Centaurus Community Solar,https://openei.org/wiki/InSPIRE/Sites/Centaurus_Community_Solar,"Habitat,Grazing",2.6,14.33,2017,Other,Fixed,Pollinator,,Sheep
Center Road,https://openei.org/wiki/InSPIRE/Sites/Center_Road,Habitat,2.9,9.15,2022,,Fixed,Pollinator,,
Centerfield Solar,https://openei.org/wiki/InSPIRE/Sites/Centerfield_Solar,Habitat,1.4,9.2,2019,,Single-axis Tracking,Pollinator,,
Central 40,https://openei.org/wiki/InSPIRE/Sites/Central_40,Grazing,50.3,220,2021,,Single-axis Tracking,,,Sheep
Chambers Road Solar,https://openei.org/wiki/InSPIRE/Sites/Chambers_Road_Solar,Grazing,5.5,15.3,2020,,Fixed,,,Sheep
Chariot Solar,https://openei.org/wiki/InSPIRE/Sites/Chariot_Solar,Habitat,1.4,7.8,2021,,Single-axis Tracking,Pollinator,,
Charter Durabar,https://openei.org/wiki/InSPIRE/Sites/Charter_Durabar,Habitat,2.9,15.41,2021,,Single-axis Tracking,Pollinator,,
Chatfield Farms Solar Garden,https://openei.org/wiki/InSPIRE/Sites/Chatfield_Farms_Solar_Garden,Crop Production,1.2,4,2024,Bifacial PV,Single-axis Tracking,,"Vegetables, herbs, fruits",
Cheyenne Solar,https://openei.org/wiki/InSPIRE/Sites/Cheyenne_Solar,Habitat,1.4,10.6,2020,,Single-axis Tracking,Pollinator,,
Chisago Solar,https://openei.org/wiki/InSPIRE/Sites/Chisago_Solar,"Habitat,Grazing",9.6,53,2016,Monofacial PV,Single-axis Tracking,"Pollinator, Native grasses",,Sheep
Christoffer Solar,https://openei.org/wiki/InSPIRE/Sites/Christoffer_Solar,Habitat,1.4,9.5,2020,,Single-axis Tracking,Pollinator,,
Chub Garden Solar,https://openei.org/wiki/InSPIRE/Sites/Chub_Garden_Solar,Habitat,1.3,6.8,2020,,Fixed,Pollinator,,
Citizen B,https://openei.org/wiki/InSPIRE/Sites/Citizen_B,Grazing,7.1,40,2015,,Fixed,,,Sheep
Claverack Creek Solar Farm,https://openei.org/wiki/InSPIRE/Sites/Claverack_Creek_Solar_Farm,"Habitat,Grazing",6,30,2022,,Single-axis Tracking,Pollinator,,Sheep
Clay FS PV,https://openei.org/wiki/InSPIRE/Sites/Clay_FS_PV,Habitat,2.7,12.2,2021,,Fixed,Pollinator,,
Colorado State University-ARDEC,https://openei.org/wiki/InSPIRE/Sites/Colorado_State_University-ARDEC,Crop Production,0.01,0.05,2019,Translucent PV,Fixed,,"Peppers, Tomatoes, Squash, Lettuce, Herbs",
Comanche Solar,https://openei.org/wiki/InSPIRE/Sites/Comanche_Solar,Grazing,150,"1,000",2016,,Single-axis Tracking,,,Sheep
Conagra St. Elmo,https://openei.org/wiki/InSPIRE/Sites/Conagra_St._Elmo,Habitat,2.2,8.5,2021,,Single-axis Tracking,Pollinator,,
Connexus Energy HQ: Solar Farmland for Emerging Farmers,https://openei.org/wiki/InSPIRE/Sites/Connexus_Energy_HQ:_Solar_Farmland_for_Emerging_Farmers,"Crop Production,Habitat",0.245,1.2,2014,Monofacial PV,Fixed,"Pollinator, Native grasses","Vegetables (kohlrabi, cabbage, kale, chard, peppers, basil, tomatoes)",
Conrath DPC Solar,https://openei.org/wiki/InSPIRE/Sites/Conrath_DPC_Solar,Habitat,1.2,7,2017,,Single-axis Tracking,Pollinator,,
Cople,https://openei.org/wiki/InSPIRE/Sites/Cople,Habitat,0.788,4.3,2019,,Fixed,Pollinator,,
"Coral Bells Solar, LLC","https://openei.org/wiki/InSPIRE/Sites/Coral_Bells_Solar,_LLC",Habitat,1.5,8.35,2020,,Single-axis Tracking,Pollinator,,
Cornell Snyder Road Solar Array,https://openei.org/wiki/InSPIRE/Sites/Cornell_Snyder_Road_Solar_Array,Grazing,2,7.7,2014,,Fixed,,,Sheep
Cornillie,https://openei.org/wiki/InSPIRE/Sites/Cornillie,Habitat,1.4,7.06,2018,,Fixed,Pollinator,,
Corvus Community Solar,https://openei.org/wiki/InSPIRE/Sites/Corvus_Community_Solar,"Habitat,Grazing",6.5,33.5,2018,Other,Fixed,Pollinator,,Sheep
Cottage Grove Project CSG,https://openei.org/wiki/InSPIRE/Sites/Cottage_Grove_Project_CSG,Habitat,6.4,23.1,2018,,Fixed,Native grasses,,
Cougar Solar,https://openei.org/wiki/InSPIRE/Sites/Cougar_Solar,Habitat,1.4,8.4,2020,,Single-axis Tracking,Pollinator,,
Coyote Clovis,https://openei.org/wiki/InSPIRE/Sites/Coyote_Clovis,Habitat,2.5,10,2021,,Single-axis Tracking,Pollinator,,
Cozy Cove Farm,https://openei.org/wiki/InSPIRE/Sites/Cozy_Cove_Farm,Grazing,0.05,0.23,2013,,Fixed,,,Llamas and Alpacas
Cranberry Highway,https://openei.org/wiki/InSPIRE/Sites/Cranberry_Highway,Habitat,2.9,14.5,2020,,Fixed,Pollinator,,
Crater Community Solar,https://openei.org/wiki/InSPIRE/Sites/Crater_Community_Solar,"Habitat,Grazing",3.9,18.03,2017,Other,Fixed,Pollinator,,Sheep
Crux Community Solar,https://openei.org/wiki/InSPIRE/Sites/Crux_Community_Solar,Habitat,1.5,12.45,2019,,Fixed,Native grasses,,
Crystal Hill Solar,https://openei.org/wiki/InSPIRE/Sites/Crystal_Hill_Solar,Grazing,65,620,2024,,,Naturalized,,Sheep
Cumberland Solar Farm,https://openei.org/wiki/InSPIRE/Sites/Cumberland_Solar_Farm,Grazing,20,160,2018,,Single-axis Tracking,,,Sheep
DVL Solar,https://openei.org/wiki/InSPIRE/Sites/DVL_Solar,Habitat,1.4,10.75,2019,,Single-axis Tracking,Pollinator,,
Delphinus Community Solar,https://openei.org/wiki/InSPIRE/Sites/Delphinus_Community_Solar,Habitat,2.6,12.13,2018,Other,Fixed,Pollinator,,
Denison University Bioreserve Array,https://openei.org/wiki/InSPIRE/Sites/Denison_University_Bioreserve_Array,Habitat,2.3,10,2017,,Single-axis Tracking,Pollinator,,
Denn Solar,https://openei.org/wiki/InSPIRE/Sites/Denn_Solar,Habitat,7,31.2,2019,,Fixed,Pollinator,,
Devine Johnson,https://openei.org/wiki/InSPIRE/Sites/Devine_Johnson,Habitat,5,4,,,Fixed,Native grasses,,
Dighton,https://openei.org/wiki/InSPIRE/Sites/Dighton,Grazing,4.5,24.8,2017,,,,,Sheep
Dighton Tremont St Agrivoltaic Project,https://openei.org/wiki/InSPIRE/Sites/Dighton_Tremont_St_Agrivoltaic_Project,"Crop Production,Habitat,Grazing",3.6,19,2023,Bifacial PV,Single-axis Tracking,"Naturalized, Pollinator",Mixed vegetables,Sheep
Dodge center,https://openei.org/wiki/InSPIRE/Sites/Dodge_center,Habitat,9.9,58.6,2016,Monofacial PV,Single-axis Tracking,Pollinator,,
Domino Farms Solar Farm,https://openei.org/wiki/InSPIRE/Sites/Domino_Farms_Solar_Farm,Habitat,1.1,12,2015,Monofacial PV,Fixed,Pollinator,,
Dot Com Solar,https://openei.org/wiki/InSPIRE/Sites/Dot_Com_Solar,Habitat,1.6,9.7,2021,,Single-axis Tracking,Pollinator,,
Douglas Oak St Agrivoltaic Project,https://openei.org/wiki/InSPIRE/Sites/Douglas_Oak_St_Agrivoltaic_Project,"Crop Production,Habitat,Grazing",3.5,20,2024,Bifacial PV,Single-axis Tracking,"Naturalized, Pollinator",Hay,Cattle
Downsville DPC Solar,https://openei.org/wiki/InSPIRE/Sites/Downsville_DPC_Solar,Habitat,1.4,9.5,2017,,Single-axis Tracking,Pollinator,,
Dubhe Solar,https://openei.org/wiki/InSPIRE/Sites/Dubhe_Solar,Habitat,1.4,10.3,2018,,Single-axis Tracking,Pollinator,,
Dundas Solar Holdings LLC,https://openei.org/wiki/InSPIRE/Sites/Dundas_Solar_Holdings_LLC,Habitat,6.6,37.39,2018,,Fixed,Pollinator,,
Dynamic Agrivoltaic Shelterbelt,https://openei.org/wiki/InSPIRE/Sites/Dynamic_Agrivoltaic_Shelterbelt,Crop Production,0.0065,0.23,2024,Bifacial PV,Single-axis Tracking,,,
E.W. Brown Solar Facility,https://openei.org/wiki/InSPIRE/Sites/E.W._Brown_Solar_Facility,"Habitat,Grazing",10,50,2016,,Fixed,,,Sheep
EHW Solar,https://openei.org/wiki/InSPIRE/Sites/EHW_Solar,Habitat,0.6,7.2,2019,,Single-axis Tracking,Pollinator,,
ER Salvage Yard- Hess,https://openei.org/wiki/InSPIRE/Sites/ER_Salvage_Yard-_Hess,Habitat,2.8,9.35,2021,,Fixed,Pollinator,,
Eagle Point,https://openei.org/wiki/InSPIRE/Sites/Eagle_Point,Habitat,13.1,41,2017,Monofacial PV,Single-axis Tracking,,,
Easton Wastewater Treatment Plant,https://openei.org/wiki/InSPIRE/Sites/Easton_Wastewater_Treatment_Plant,Habitat,2,16,2021,,Fixed,Pollinator,,
Eastwood Q,https://openei.org/wiki/InSPIRE/Sites/Eastwood_Q,Habitat,8.2,48.4,2016,Monofacial PV,Single-axis Tracking,Pollinator,,
Eau Claire Electric Cooperative Membersolar Array,https://openei.org/wiki/InSPIRE/Sites/Eau_Claire_Electric_Cooperative_Membersolar_Array,Grazing,0.858,4,2016,,Fixed,,,Sheep
Edwardsville Solar II,https://openei.org/wiki/InSPIRE/Sites/Edwardsville_Solar_II,Habitat,2.8,18.13,2021,,Single-axis Tracking,Pollinator,,
Eggo Solar,https://openei.org/wiki/InSPIRE/Sites/Eggo_Solar,Habitat,1.4,11.2,2019,,Single-axis Tracking,Pollinator,,
Eichtens II CSG,https://openei.org/wiki/InSPIRE/Sites/Eichtens_II_CSG,Habitat,1.4,7.57,2018,,Fixed,Pollinator,,
Eiffel Solar,https://openei.org/wiki/InSPIRE/Sites/Eiffel_Solar,Grazing,314,"1,500",2022,,Single-axis Tracking,,,Sheep
Electric City Solar,https://openei.org/wiki/InSPIRE/Sites/Electric_City_Solar,Habitat,18.9,130,2020,Monofacial PV,Single-axis Tracking,"Pollinator, Native grasses",,
Erin Garden Solar,https://openei.org/wiki/InSPIRE/Sites/Erin_Garden_Solar,Habitat,1.3,4.8,2020,,Fixed,Native grasses,,
Everson Garden,https://openei.org/wiki/InSPIRE/Sites/Everson_Garden,Habitat,1.5,7.34,2022,,Single-axis Tracking,Pollinator,,
FL Starratt,https://openei.org/wiki/InSPIRE/Sites/FL_Starratt,Grazing,7,27,2017,,,,,Sheep
Fall River,https://openei.org/wiki/InSPIRE/Sites/Fall_River,Habitat,98.84,200,2022,,Single-axis Tracking,"Pollinator, Native grasses",,
Falls Creek Garden,https://openei.org/wiki/InSPIRE/Sites/Falls_Creek_Garden,Habitat,1.3,4.85,2020,,Fixed,Native grasses,,
Fargo Road Solar,https://openei.org/wiki/InSPIRE/Sites/Fargo_Road_Solar,Habitat,3.2,17.5,2022,Bifacial PV,Single-axis Tracking,Pollinator,,
Farmington Holdco Solar,https://openei.org/wiki/InSPIRE/Sites/Farmington_Holdco_Solar,"Habitat,Grazing",6.2,27.78,2017,Monofacial PV,Fixed,Pollinator,,Sheep
FastSun 1,https://openei.org/wiki/InSPIRE/Sites/FastSun_1,Habitat,1.3,9.68,2019,,Single-axis Tracking,Pollinator,,
FastSun 10,https://openei.org/wiki/InSPIRE/Sites/FastSun_10,Habitat,1.4,8.7,2020,,Single-axis Tracking,Pollinator,,
FastSun 11,https://openei.org/wiki/InSPIRE/Sites/FastSun_11,Habitat,1.4,10,2020,,Single-axis Tracking,Pollinator,,
FastSun 13,https://openei.org/wiki/InSPIRE/Sites/FastSun_13,Habitat,1.3,9.21,2019,,Single-axis Tracking,Pollinator,,
FastSun 14,https://openei.org/wiki/InSPIRE/Sites/FastSun_14,Habitat,1.4,14,2019,,Single-axis Tracking,Pollinator,,
FastSun 18,https://openei.org/wiki/InSPIRE/Sites/FastSun_18,Habitat,1.3,10.2,2020,,Single-axis Tracking,Pollinator,,
FastSun 19,https://openei.org/wiki/InSPIRE/Sites/FastSun_19,Habitat,1.4,11.6,2020,,Fixed,Pollinator,,
FastSun 2,https://openei.org/wiki/InSPIRE/Sites/FastSun_2,Habitat,1.4,13.25,2020,,Single-axis Tracking,Pollinator,,
FastSun 21,https://openei.org/wiki/InSPIRE/Sites/FastSun_21,Habitat,1.5,4.7,2021,,Single-axis Tracking,Pollinator,,
FastSun 3,https://openei.org/wiki/InSPIRE/Sites/FastSun_3,Habitat,1.4,9.9,2019,,Single-axis Tracking,Pollinator,,
FastSun 7,https://openei.org/wiki/InSPIRE/Sites/FastSun_7,Habitat,1.2,7.36,2019,,Single-axis Tracking,Pollinator,,
FastSun 8,https://openei.org/wiki/InSPIRE/Sites/FastSun_8,Habitat,1.4,9.96,2019,,Single-axis Tracking,Pollinator,,
FastSun 9,https://openei.org/wiki/InSPIRE/Sites/FastSun_9,Habitat,1.4,12.46,2020,,Single-axis Tracking,Pollinator,,
Felton CSG PV1-5,https://openei.org/wiki/InSPIRE/Sites/Felton_CSG_PV1-5,"Habitat,Grazing",6.5,70,2019,,Fixed,Native grasses,,Sheep
Fennimore Solar,https://openei.org/wiki/InSPIRE/Sites/Fennimore_Solar,Habitat,4.11,17.5,2019,,Single-axis Tracking,Pollinator,,
Fiddlehead Farms,https://openei.org/wiki/InSPIRE/Sites/Fiddlehead_Farms,Crop Production,,0.3,2023,Monofacial PV,,,"grapes, persimmons, blueberries, peaches, pears, apples, kiwis, tomatoes, peppers, broccoli, kale",
Fitchburg Renewables,https://openei.org/wiki/InSPIRE/Sites/Fitchburg_Renewables,"Habitat,Grazing",5.1,18.8,2020,,Fixed,Pollinator,,Sheep
Fitchburg Solar,https://openei.org/wiki/InSPIRE/Sites/Fitchburg_Solar,"Habitat,Grazing",0.7,3.7,2017,,Fixed,Pollinator,,Sheep
Five Points Solar Park,https://openei.org/wiki/InSPIRE/Sites/Five_Points_Solar_Park,Grazing,84.1,480,2016,,Single-axis Tracking,,,Sheep
Flower Solar,https://openei.org/wiki/InSPIRE/Sites/Flower_Solar,Habitat,1.4,9.6,2020,,Single-axis Tracking,Pollinator,,
Fond Du Lac,https://openei.org/wiki/InSPIRE/Sites/Fond_Du_Lac,Habitat,1.2,6,2021,,Fixed,Pollinator,,
Forest City Solar,https://openei.org/wiki/InSPIRE/Sites/Forest_City_Solar,Habitat,4,12.5,2019,,Single-axis Tracking,Pollinator,,
Fountain,https://openei.org/wiki/InSPIRE/Sites/Fountain,Habitat,3.8,20.93,2021,,Single-axis Tracking,Pollinator,,
"Fox CSG, LLC","https://openei.org/wiki/InSPIRE/Sites/Fox_CSG,_LLC","Habitat,Grazing",6.5,31,2018,,Fixed,Native grasses,,Sheep
Foxhound Solar,https://openei.org/wiki/InSPIRE/Sites/Foxhound_Solar,Habitat,108,580,2023,,Single-axis Tracking,Pollinator,,
Franks II,https://openei.org/wiki/InSPIRE/Sites/Franks_II,Habitat,2.9,16.1,2020,,Single-axis Tracking,Pollinator,,
Frederick Urbana Solar,https://openei.org/wiki/InSPIRE/Sites/Frederick_Urbana_Solar,Grazing,7.5,10.8,2018,,Single-axis Tracking,,,Sheep
French Road Solar II PV,https://openei.org/wiki/InSPIRE/Sites/French_Road_Solar_II_PV,Habitat,2.8,18,2022,,Single-axis Tracking,Pollinator,,
GRE Marshan Solar,https://openei.org/wiki/InSPIRE/Sites/GRE_Marshan_Solar,Habitat,1.2,6.5,2017,,Fixed,Pollinator,,
GSI Assumption,https://openei.org/wiki/InSPIRE/Sites/GSI_Assumption,Habitat,2,7.5,2021,,Single-axis Tracking,Pollinator,,
GSPP Held LLC CSG,https://openei.org/wiki/InSPIRE/Sites/GSPP_Held_LLC_CSG,"Habitat,Grazing",4,25.3,2019,Monofacial PV,Fixed,Pollinator,,Sheep
Gardiner Our Kids Farm,https://openei.org/wiki/InSPIRE/Sites/Gardiner_Our_Kids_Farm,Crop Production,0.028,0.15,2019,Monofacial PV,Fixed,,"Assorted vegetables - broccoli, kale, cabbage, swiss chard, strawberries, tomatoes, peppers, eggplant, squash - winter and summer, cucumbers, kohlrabi, herbs, salad greens, celery, onions, shallots, leeks, string beans and peas.",
Gardner Clark Road,https://openei.org/wiki/InSPIRE/Sites/Gardner_Clark_Road,"Habitat,Grazing",7.1,18.7,2020,,Fixed,Pollinator,,Sheep
Gaskell West 1 Solar Facility,https://openei.org/wiki/InSPIRE/Sites/Gaskell_West_1_Solar_Facility,Grazing,168,700,2018,,Single-axis Tracking,,,Sheep
Geauga,https://openei.org/wiki/InSPIRE/Sites/Geauga,Habitat,0.322,2,2021,,Fixed,Pollinator,,
Gemini Community Solar,https://openei.org/wiki/InSPIRE/Sites/Gemini_Community_Solar,"Habitat,Grazing",3.9,18.64,2017,Other,Fixed,Pollinator,,Sheep
Geneva,https://openei.org/wiki/InSPIRE/Sites/Geneva,Grazing,2.8,12,2015,Monofacial PV,Fixed,,,Sheep
George Hill,https://openei.org/wiki/InSPIRE/Sites/George_Hill,Grazing,4,19,,,Single-axis Tracking,,,Sheep
Georgetown Project,https://openei.org/wiki/InSPIRE/Sites/Georgetown_Project,Habitat,0.149,2,2020,,Fixed,Pollinator,,
"Geranium Solar, LLC","https://openei.org/wiki/InSPIRE/Sites/Geranium_Solar,_LLC",Habitat,1.5,7.9,2020,,Single-axis Tracking,Pollinator,,
Giffen Solar Park,https://openei.org/wiki/InSPIRE/Sites/Giffen_Solar_Park,Grazing,27.9,160,2017,,Single-axis Tracking,,,Sheep
Gilcrest V,https://openei.org/wiki/InSPIRE/Sites/Gilcrest_V,Grazing,5,25.01,2021,,Single-axis Tracking,,,Sheep
GilcrestSun,https://openei.org/wiki/InSPIRE/Sites/GilcrestSun,Grazing,2.2,10.905,2021,,Single-axis Tracking,,,Sheep
Gill Solar,https://openei.org/wiki/InSPIRE/Sites/Gill_Solar,"Habitat,Grazing",2.77,11.4,2018,,Fixed,Pollinator,,Sheep
Giveback- Salsola mowing,https://openei.org/wiki/InSPIRE/Sites/Giveback-_Salsola_mowing,Habitat,2.5,13.5,2022,,,Pollinator,,
Goldtree Solar Farm,https://openei.org/wiki/InSPIRE/Sites/Goldtree_Solar_Farm,Grazing,5.6,18.5,2018,,Single-axis Tracking,,,Sheep
Good Solar,https://openei.org/wiki/InSPIRE/Sites/Good_Solar,Habitat,1.4,9.7,2018,,Single-axis Tracking,Pollinator,,
Goodenow Road East Solar 1,https://openei.org/wiki/InSPIRE/Sites/Goodenow_Road_East_Solar_1,Habitat,2.6,14.52,,Bifacial PV,Single-axis Tracking,Pollinator,,
Goodhue,https://openei.org/wiki/InSPIRE/Sites/Goodhue,"Habitat,Grazing",1.4,6.61,2018,,Fixed,Pollinator,,Sheep
Goodhue Community Solar Three,https://openei.org/wiki/InSPIRE/Sites/Goodhue_Community_Solar_Three,Grazing,1.4,5.09,2020,,Fixed,,,Sheep
Goodhue Community Solar Two,https://openei.org/wiki/InSPIRE/Sites/Goodhue_Community_Solar_Two,Grazing,1.4,7.92,2020,,Fixed,,,Sheep
Goodrich Solar,https://openei.org/wiki/InSPIRE/Sites/Goodrich_Solar,Habitat,2.7,12,2022,,Single-axis Tracking,Pollinator,,
Goose Lake,https://openei.org/wiki/InSPIRE/Sites/Goose_Lake,Habitat,1.9,9,2019,,Single-axis Tracking,Pollinator,,
Gopher CSG,https://openei.org/wiki/InSPIRE/Sites/Gopher_CSG,Habitat,7.2,31,2018,Monofacial PV,Fixed,Pollinator,,
Grafton Solar,https://openei.org/wiki/InSPIRE/Sites/Grafton_Solar,"Crop Production,Grazing",3.7,12,2016,,Fixed,,"Squash, lettuce",Cows
Grafton Solar - Old Upton Road,https://openei.org/wiki/InSPIRE/Sites/Grafton_Solar_-_Old_Upton_Road,Grazing,1.7,4,2013,,Fixed,,,Sheep
Grand Ronde,https://openei.org/wiki/InSPIRE/Sites/Grand_Ronde,Habitat,3.1,15.5,2017,Monofacial PV,Fixed,"Pollinator, Native grasses",,
Grande Ridge Solar Farm,https://openei.org/wiki/InSPIRE/Sites/Grande_Ridge_Solar_Farm,Habitat,22.8,126,2012,Monofacial PV,Fixed,Pollinator,,
Greenhouse Solar,https://openei.org/wiki/InSPIRE/Sites/Greenhouse_Solar,Habitat,1.4,6.2,2020,,Single-axis Tracking,Pollinator,,
Grey Cloud Solar,https://openei.org/wiki/InSPIRE/Sites/Grey_Cloud_Solar,Habitat,1.5,8.5,2019,,Single-axis Tracking,Pollinator,,
Groton Road,https://openei.org/wiki/InSPIRE/Sites/Groton_Road,Grazing,0.99,8.8,2016,,Fixed,,,Sheep
Groton School Road,https://openei.org/wiki/InSPIRE/Sites/Groton_School_Road,Grazing,0.995,6,2016,,Fixed,,,Sheep
Growing Green - Spaces of Opportunity,https://openei.org/wiki/InSPIRE/Sites/Growing_Green_-_Spaces_of_Opportunity,Crop Production,0.0048,0.008,2024,Monofacial PV,Fixed,,Various vegetables,
H (2019),https://openei.org/wiki/InSPIRE/Sites/H_(2019),Habitat,6.4,30.5,,Monofacial PV,Fixed,Pollinator,,
Hadley 2 Solar,https://openei.org/wiki/InSPIRE/Sites/Hadley_2_Solar,"Habitat,Grazing",2.41,10,2016,,Fixed,Pollinator,,Sheep
Hadley 3 (North),https://openei.org/wiki/InSPIRE/Sites/Hadley_3_(North),"Habitat,Grazing",4.6,8.1,2019,,Fixed,Pollinator,,Sheep
Hadley 3 (South),https://openei.org/wiki/InSPIRE/Sites/Hadley_3_(South),"Habitat,Grazing",2.6,7.1,2019,,Fixed,Pollinator,,Sheep
Hammer CSG,https://openei.org/wiki/InSPIRE/Sites/Hammer_CSG,Habitat,6.4,34.64,2018,,Single-axis Tracking,Native grasses,,
Hampton,https://openei.org/wiki/InSPIRE/Sites/Hampton,Habitat,2.5,12,2018,,Single-axis Tracking,Pollinator,,
Hancock Solar,https://openei.org/wiki/InSPIRE/Sites/Hancock_Solar,Habitat,1.4,8.4,2021,,Single-axis Tracking,Pollinator,,
Harford Solar Farm,https://openei.org/wiki/InSPIRE/Sites/Harford_Solar_Farm,Grazing,2.8,12.5,2016,,Fixed,,,Sheep
Harlow Farms,https://openei.org/wiki/InSPIRE/Sites/Harlow_Farms,Habitat,0.124,1,2019,,Fixed,Pollinator,,
Hastings Solar,https://openei.org/wiki/InSPIRE/Sites/Hastings_Solar,Habitat,6.8,41.3,2016,Monofacial PV,Single-axis Tracking,Pollinator,,
Hatfield Renewables,https://openei.org/wiki/InSPIRE/Sites/Hatfield_Renewables,"Habitat,Grazing",2.47,11.6,2017,,Fixed,Pollinator,,Sheep
Haven Solar,https://openei.org/wiki/InSPIRE/Sites/Haven_Solar,Habitat,4.2,9.36,2019,,Fixed,Pollinator,,
Haverhill Hilldale Ave Agrivoltaic Project,https://openei.org/wiki/InSPIRE/Sites/Haverhill_Hilldale_Ave_Agrivoltaic_Project,"Crop Production,Habitat,Grazing",2,25,2023,Bifacial PV,Single-axis Tracking,Pollinator,Cucurbits & solanaceous crops,Cattle
Hawai'i Agrivoltaic Research and Demonstration Center,https://openei.org/wiki/InSPIRE/Sites/Hawai'i_Agrivoltaic_Research_and_Demonstration_Center,"Crop Production,Grazing",50.1,230,2022,Bifacial PV,Single-axis Tracking,,"Radish, daikon, beets, melons, kabocha squash, broccoli, cabbage, collards, peppers, cauliflower, bush beans, eggplant, poha berries, bunching onion, lavender, strawberries, sweet potato, dryland taro, tomatoes, mamaki tea, asparagus, tea, coffee, protea, vanilla, peppercorn, maile (local vining flower) carrots, celery, cilantro, chard, lettuce, fennel, and basil",Sheep
Haywood Solar Farm,https://openei.org/wiki/InSPIRE/Sites/Haywood_Solar_Farm,Grazing,3.9,48,2017,,Single-axis Tracking,,,Sheep
Hayworth Solar,https://openei.org/wiki/InSPIRE/Sites/Hayworth_Solar,Grazing,33.3,160,2015,Other,Single-axis Tracking,,,Sheep
Hazel,https://openei.org/wiki/InSPIRE/Sites/Hazel,Grazing,3.8,20,2021,,Single-axis Tracking,,,Sheep
Hazlehurst II Solar Farm,https://openei.org/wiki/InSPIRE/Sites/Hazlehurst_II_Solar_Farm,Grazing,74.1,425,2016,,Single-axis Tracking,,,Sheep
Helen CSG 1,https://openei.org/wiki/InSPIRE/Sites/Helen_CSG_1,Habitat,5.6,7.5,2020,,Single-axis Tracking,Pollinator,,
Herrington Community Solar Farm,https://openei.org/wiki/InSPIRE/Sites/Herrington_Community_Solar_Farm,"Habitat,Grazing",7.5,25,2021,,Single-axis Tracking,Pollinator,,Sheep
Hertzberg Community Solar Garden,https://openei.org/wiki/InSPIRE/Sites/Hertzberg_Community_Solar_Garden,Habitat,1.4,8.52,2020,,Single-axis Tracking,Pollinator,,
Hobart Solar LLC,https://openei.org/wiki/InSPIRE/Sites/Hobart_Solar_LLC,Grazing,1.3,5.3,2012,,Fixed,,,Sheep
Hockey Pad Solar,https://openei.org/wiki/InSPIRE/Sites/Hockey_Pad_Solar,Habitat,0.4,4.3,2019,,Single-axis Tracking,Pollinator,,
Hodag,https://openei.org/wiki/InSPIRE/Sites/Hodag,Habitat,9.7,47,2022,Bifacial PV,Single-axis Tracking,Pollinator,,
Hoot Lake Solar,https://openei.org/wiki/InSPIRE/Sites/Hoot_Lake_Solar,Habitat,49.9,312.5,2023,,Fixed,Pollinator,,
Horne Homestead,https://openei.org/wiki/InSPIRE/Sites/Horne_Homestead,Grazing,1.9,8,,,Fixed,,,Sheep
Horne North Solar,https://openei.org/wiki/InSPIRE/Sites/Horne_North_Solar,Habitat,1.4,8,2020,,Single-axis Tracking,Pollinator,,
Horne South Solar,https://openei.org/wiki/InSPIRE/Sites/Horne_South_Solar,Habitat,1.4,7.69,2020,,Single-axis Tracking,Pollinator,,
Houston Ranch,https://openei.org/wiki/InSPIRE/Sites/Houston_Ranch,Grazing,98.5,706,2021,,Single-axis Tracking,,,Sheep
Houston Solar Array,https://openei.org/wiki/InSPIRE/Sites/Houston_Solar_Array,Crop Production,8.5,40,2023,Bifacial PV,Fixed,,"Native berry plants, vegetable crops, and forage crops",
Hubers Solar,https://openei.org/wiki/InSPIRE/Sites/Hubers_Solar,Habitat,1.4,8.5,2021,,Single-axis Tracking,Pollinator,,
"Huneke (CSG) 1, LLC","https://openei.org/wiki/InSPIRE/Sites/Huneke_(CSG)_1,_LLC",Grazing,1.4,7.41,2020,,Single-axis Tracking,,,Sheep
"Huneke (CSG) 2, LLC","https://openei.org/wiki/InSPIRE/Sites/Huneke_(CSG)_2,_LLC",Grazing,1.4,7.37,2020,,Single-axis Tracking,,,Sheep
Huneke II CSG,https://openei.org/wiki/InSPIRE/Sites/Huneke_II_CSG,Habitat,1.4,6.7,2018,,Fixed,Pollinator,,
"Hyacinth Solar, LLC","https://openei.org/wiki/InSPIRE/Sites/Hyacinth_Solar,_LLC",Habitat,1.5,7.49,2020,Other,Single-axis Tracking,Pollinator,,
IMS Solar Garden,https://openei.org/wiki/InSPIRE/Sites/IMS_Solar_Garden,Habitat,6.513,27.4,2017,,Fixed,Pollinator,,
Idaho: Habitat,https://openei.org/wiki/InSPIRE/Sites/Idaho:_Habitat,Habitat,2,5,2019,Monofacial PV,Fixed,Pollinator,,
Impact Solar I,https://openei.org/wiki/InSPIRE/Sites/Impact_Solar_I,"Habitat,Grazing",260,"1,900",2020,,Single-axis Tracking,Pollinator,,Sheep
Inovateus Solar - Orange,https://openei.org/wiki/InSPIRE/Sites/Inovateus_Solar_-_Orange,Habitat,7.5,22,2022,,Single-axis Tracking,Pollinator,,
Inovateus Solar - Walton,https://openei.org/wiki/InSPIRE/Sites/Inovateus_Solar_-_Walton,Habitat,3.4,2.5,2022,,Single-axis Tracking,Pollinator,,
"Iris Solar, LLC (MN)","https://openei.org/wiki/InSPIRE/Sites/Iris_Solar,_LLC_(MN)",Habitat,1.5,7.28,2020,,Single-axis Tracking,Pollinator,,
J (2019),https://openei.org/wiki/InSPIRE/Sites/J_(2019),"Grazing,Habitat",7,29.61,,Monofacial PV,Fixed,Pollinator,,Sheep
JJ Clay Solar,https://openei.org/wiki/InSPIRE/Sites/JJ_Clay_Solar,Habitat,1.4,8,2020,,Single-axis Tracking,Pollinator,,
JJ Solar,https://openei.org/wiki/InSPIRE/Sites/JJ_Solar,Habitat,1.4,9.3,2019,,Single-axis Tracking,Pollinator,,
Jacks Solar Garden,https://openei.org/wiki/InSPIRE/Sites/Jacks_Solar_Garden,"Crop Production,Habitat,Grazing",1.1,5,2020,Monofacial PV,Single-axis Tracking,"Pollinator, Native grasses","tomato, pepper, kale, radish, eggplant, 30+ crop types",Sheep
Jackson II Solar Farm,https://openei.org/wiki/InSPIRE/Sites/Jackson_II_Solar_Farm,Grazing,2,12,2022,Other,Single-axis Tracking,,,Sheep
James Madison University ISAT Solar Facility,https://openei.org/wiki/InSPIRE/Sites/James_Madison_University_ISAT_Solar_Facility,Habitat,0.3,1.64,2022,Other,Fixed,Pollinator,,
Jeffco Solar,https://openei.org/wiki/InSPIRE/Sites/Jeffco_Solar,Habitat,1.5,6.25,2016,,Single-axis Tracking,Pollinator,,
Joe Czajkowski Farm,https://openei.org/wiki/InSPIRE/Sites/Joe_Czajkowski_Farm,Crop Production,0.445,2.2,2023,Bifacial PV,Single-axis Tracking,,Broccoli,
Jonesborough II Solar,https://openei.org/wiki/InSPIRE/Sites/Jonesborough_II_Solar,Grazing,5,70,2018,Other,Single-axis Tracking,,,Sheep
Judd Road Solar,https://openei.org/wiki/InSPIRE/Sites/Judd_Road_Solar,Grazing,7.5,25,2022,,Fixed,,,Sheep
Juno Solar Project,https://openei.org/wiki/InSPIRE/Sites/Juno_Solar_Project,Grazing,412,"1,975",2021,Other,Single-axis Tracking,,,Sheep
KVPV Solar,https://openei.org/wiki/InSPIRE/Sites/KVPV_Solar,Habitat,1.4,8.9,2020,,Single-axis Tracking,Pollinator,,
Ka Lae Solar Farm,https://openei.org/wiki/InSPIRE/Sites/Ka_Lae_Solar_Farm,Grazing,0.991,4.23,,,,,,Sheep
Kankakee,https://openei.org/wiki/InSPIRE/Sites/Kankakee,Habitat,2.9,15.38,2020,,Single-axis Tracking,Pollinator,,
Kankakee Solar 4 LLC,https://openei.org/wiki/InSPIRE/Sites/Kankakee_Solar_4_LLC,Grazing,2.8,9.4,2020,,Single-axis Tracking,,,Sheep
Kasch Solar,https://openei.org/wiki/InSPIRE/Sites/Kasch_Solar,Habitat,1.4,8.6,2018,,Single-axis Tracking,Pollinator,,
Kass Solar,https://openei.org/wiki/InSPIRE/Sites/Kass_Solar,Habitat,1.4,9.7,2021,,Fixed,Pollinator,,
Kaus Community Solar,https://openei.org/wiki/InSPIRE/Sites/Kaus_Community_Solar,Habitat,1.5,8.76,2019,Other,Fixed,Native grasses,,
Kearney NPPD Solar Project,https://openei.org/wiki/InSPIRE/Sites/Kearney_NPPD_Solar_Project,Habitat,7.2,35,2017,Monofacial PV,Single-axis Tracking,Pollinator,,
Kelly Road,https://openei.org/wiki/InSPIRE/Sites/Kelly_Road,Grazing,1,5,2016,,Fixed,,,Sheep
Kettleman Solar,https://openei.org/wiki/InSPIRE/Sites/Kettleman_Solar,Grazing,27,220,2015,,Single-axis Tracking,,,Sheep
King 2 Solar,https://openei.org/wiki/InSPIRE/Sites/King_2_Solar,Habitat,1.4,11.7,2019,,Single-axis Tracking,Pollinator,,
Kirkland Project 1,https://openei.org/wiki/InSPIRE/Sites/Kirkland_Project_1,Habitat,2.9,19.4,,,Single-axis Tracking,Pollinator,,
Knapp East (CSG),https://openei.org/wiki/InSPIRE/Sites/Knapp_East_(CSG),Grazing,6.3,22.08,2021,,Fixed,,,Sheep
Knapp West (CSG),https://openei.org/wiki/InSPIRE/Sites/Knapp_West_(CSG),Grazing,6.1,21.44,2021,,Fixed,,,Sheep
Kost Trail Solar,https://openei.org/wiki/InSPIRE/Sites/Kost_Trail_Solar,Habitat,1.4,10.9,2019,,Single-axis Tracking,Pollinator,,
Kreye,https://openei.org/wiki/InSPIRE/Sites/Kreye,"Habitat,Grazing",4.6,27.4,,,Single-axis Tracking,Pollinator,,Sheep
Lafayette DPC Solar,https://openei.org/wiki/InSPIRE/Sites/Lafayette_DPC_Solar,Habitat,1.2,7.9,2017,,Single-axis Tracking,Pollinator,,
"Lahr 1, LLC","https://openei.org/wiki/InSPIRE/Sites/Lahr_1,_LLC",Habitat,7.1,36,2018,,Fixed,Pollinator,,
Lake Emily,https://openei.org/wiki/InSPIRE/Sites/Lake_Emily,Habitat,6.6,30.3,2016,Monofacial PV,Single-axis Tracking,Pollinator,,
Lake Herman,https://openei.org/wiki/InSPIRE/Sites/Lake_Herman,Habitat,7,30.1,2021,Other,Single-axis Tracking,"Pollinator, Native grasses",,
Lake Patterson Solar,https://openei.org/wiki/InSPIRE/Sites/Lake_Patterson_Solar,Habitat,1.4,9.9,2019,,Single-axis Tracking,Pollinator,,
Lake Pulaski,https://openei.org/wiki/InSPIRE/Sites/Lake_Pulaski,Habitat,10.92,68,2016,Monofacial PV,Single-axis Tracking,Pollinator,,
Lake Waconia IV Community Solar Garden,https://openei.org/wiki/InSPIRE/Sites/Lake_Waconia_IV_Community_Solar_Garden,Habitat,1.4,9.25,2018,Monofacial PV,Fixed,Pollinator,,
Lancaster Solar Farm,https://openei.org/wiki/InSPIRE/Sites/Lancaster_Solar_Farm,Grazing,114,645,2021,Other,Single-axis Tracking,,,Sheep
Lansing Renewables,https://openei.org/wiki/InSPIRE/Sites/Lansing_Renewables,Grazing,6.7,25,2020,,Single-axis Tracking,,,Sheep
Lawrence Brook,https://openei.org/wiki/InSPIRE/Sites/Lawrence_Brook,Habitat,2.79,9.4,2020,,Fixed,Pollinator,,
Lawrence Creek X,https://openei.org/wiki/InSPIRE/Sites/Lawrence_Creek_X,"Habitat,Grazing",5.3,24.5,2016,Monofacial PV,Single-axis Tracking,"Pollinator, Native grasses",,Sheep
LeGore Bridge Solar Center,https://openei.org/wiki/InSPIRE/Sites/LeGore_Bridge_Solar_Center,Grazing,20,175,2022,,,,,Sheep
"Leavenworth Greenworks, LLC","https://openei.org/wiki/InSPIRE/Sites/Leavenworth_Greenworks,_LLC",Grazing,14.3,48.5,2016,,Fixed,,,Sheep
Leo Community Solar,https://openei.org/wiki/InSPIRE/Sites/Leo_Community_Solar,Habitat,1.5,9.03,2018,Other,Fixed,Native grasses,,
Lettuce Shine,https://openei.org/wiki/InSPIRE/Sites/Lettuce_Shine,Crop Production,0.075,58,2024,Bifacial PV,Dual-axis Tracking,,"Lettuce, salad greens",
Leven Garden Solar,https://openei.org/wiki/InSPIRE/Sites/Leven_Garden_Solar,Habitat,1.3,4.36,2020,,Fixed,Native grasses,,
Liberty Pole DPC Solar,https://openei.org/wiki/InSPIRE/Sites/Liberty_Pole_DPC_Solar,Habitat,1.6,9.3,2017,,Single-axis Tracking,Pollinator,,
Linden 01 CSG,https://openei.org/wiki/InSPIRE/Sites/Linden_01_CSG,Habitat,1.5,7.46,2020,,Fixed,Pollinator,,
Linden 02 CSG,https://openei.org/wiki/InSPIRE/Sites/Linden_02_CSG,Habitat,1.5,7.46,2020,,Fixed,Pollinator,,
Linden 03 CSG,https://openei.org/wiki/InSPIRE/Sites/Linden_03_CSG,Habitat,1.5,7.46,2020,,Fixed,Pollinator,,
Logansport Municipal Utility (LMU),https://openei.org/wiki/InSPIRE/Sites/Logansport_Municipal_Utility_(LMU),Habitat,19.27,80,2021,Monofacial PV,Fixed,Pollinator,,
Loon Garden,https://openei.org/wiki/InSPIRE/Sites/Loon_Garden,Habitat,1.3,5.125,2020,,Fixed,Native grasses,,
Luciana,https://openei.org/wiki/InSPIRE/Sites/Luciana,Grazing,72.5,330,2022,,Single-axis Tracking,,,Sheep
Lunenburg Settlers Solar,https://openei.org/wiki/InSPIRE/Sites/Lunenburg_Settlers_Solar,"Habitat,Grazing",5.8,23.2,2020,,Fixed,Pollinator,,Sheep
Lyra Community Solar,https://openei.org/wiki/InSPIRE/Sites/Lyra_Community_Solar,"Habitat,Grazing",3.9,14.84,2018,Other,Fixed,Pollinator,,Sheep
"MSC-Empire01, LLC (Empire)","https://openei.org/wiki/InSPIRE/Sites/MSC-Empire01,_LLC_(Empire)",Habitat,1.5,10,2019,,Single-axis Tracking,Pollinator,,
MTSun,https://openei.org/wiki/InSPIRE/Sites/MTSun,Habitat,103.7,675,2022,,Single-axis Tracking,"Pollinator, Native grasses",,
Macon-Bibb County,https://openei.org/wiki/InSPIRE/Sites/Macon-Bibb_County,Grazing,3.9,23.06,,,,,,Sheep
Madison Fields Solar Project (MFSP),https://openei.org/wiki/InSPIRE/Sites/Madison_Fields_Solar_Project_(MFSP),"Crop Production,Grazing",180,"1,280",2023,Monofacial PV,Fixed,,"Hay, Alfalfa, corn, soy",
Maine blueberry site,https://openei.org/wiki/InSPIRE/Sites/Maine_blueberry_site,Crop Production,4.3,12,2021,Monofacial PV,Fixed,,Blueberries,
Manchester Solar Site,https://openei.org/wiki/InSPIRE/Sites/Manchester_Solar_Site,Grazing,3.8,12,2022,,Fixed,,,Sheep
Manzo Elementary School,https://openei.org/wiki/InSPIRE/Sites/Manzo_Elementary_School,Crop Production,0.25,1.25,2015,,Fixed,,"Potatoes, tomatoes, basil, beans, squash",
Maple City,https://openei.org/wiki/InSPIRE/Sites/Maple_City,Habitat,1.85,13.2,2022,,Fixed,"Pollinator, Native grasses",,
Mapleton Community Solar,https://openei.org/wiki/InSPIRE/Sites/Mapleton_Community_Solar,"Habitat,Grazing",3.9,22.01,2017,Other,Fixed,Pollinator,,Sheep
Marstons Mills,https://openei.org/wiki/InSPIRE/Sites/Marstons_Mills,Habitat,4.5,27.5,2014,,Fixed,Pollinator,,
Massachusetts farm,https://openei.org/wiki/InSPIRE/Sites/Massachusetts_farm,Crop Production,0.1,0.5,2011,Monofacial PV,Fixed,,"Squash, broccoli",
Maston Garden Solar,https://openei.org/wiki/InSPIRE/Sites/Maston_Garden_Solar,Habitat,1.3,6.29,2020,,Fixed,Native grasses,,
Matterhorn Community Solar,https://openei.org/wiki/InSPIRE/Sites/Matterhorn_Community_Solar,Grazing,2,14,2023,,,,,Sheep
Mauntel's Solar Sheep,https://openei.org/wiki/InSPIRE/Sites/Mauntel's_Solar_Sheep,"Grazing,Habitat",1.3,5,2018,Monofacial PV,Single-axis Tracking,"Naturalized, Pollinator",,Sheep
Mayhew Solar,https://openei.org/wiki/InSPIRE/Sites/Mayhew_Solar,Habitat,1.4,9.8,2020,,Single-axis Tracking,Pollinator,,
McClary Hill Farm,https://openei.org/wiki/InSPIRE/Sites/McClary_Hill_Farm,Grazing,0.087,,2023,,,,,Sheep
Mechanicsville Solar Park,https://openei.org/wiki/InSPIRE/Sites/Mechanicsville_Solar_Park,Grazing,35,220,2020,,Single-axis Tracking,,,Sheep
Medford DPC Solar,https://openei.org/wiki/InSPIRE/Sites/Medford_DPC_Solar,Habitat,2.5,16,2017,,Single-axis Tracking,Pollinator,,
Melnik Farm,https://openei.org/wiki/InSPIRE/Sites/Melnik_Farm,"Crop Production,Grazing",0.025,0.5,2012,Monofacial PV,Fixed,,"Zucchini, broccoli, leafy greens, watermelon",Horse
Mennie South FC PV,https://openei.org/wiki/InSPIRE/Sites/Mennie_South_FC_PV,Habitat,3,12.2,,,Fixed,Pollinator,,
Meyer Community Solar Garden,https://openei.org/wiki/InSPIRE/Sites/Meyer_Community_Solar_Garden,Habitat,0.441,3.16,2022,,Fixed,Pollinator,,
Michael Solar,https://openei.org/wiki/InSPIRE/Sites/Michael_Solar,Habitat,4.2,41,2017,Monofacial PV,Fixed,Pollinator,,
Midtown Solar,https://openei.org/wiki/InSPIRE/Sites/Midtown_Solar,Habitat,1.4,9.86,2020,,Single-axis Tracking,Pollinator,,
Milkweed Solar,https://openei.org/wiki/InSPIRE/Sites/Milkweed_Solar,Habitat,1.4,8.8,2020,,Single-axis Tracking,Pollinator,,
Millard-newfield,https://openei.org/wiki/InSPIRE/Sites/Millard-newfield,Grazing,7.5,30,2019,Monofacial PV,Fixed,,,Sheep
Millington Ranch (I and II),https://openei.org/wiki/InSPIRE/Sites/Millington_Ranch_(I_and_II),Grazing,202,"1,850",2018,Other,Single-axis Tracking,,,Sheep
Million Little Sunbeams,https://openei.org/wiki/InSPIRE/Sites/Million_Little_Sunbeams,Crop Production,0.25,1,2020,Bifacial PV,Single-axis Tracking,,Hay,
Mohawk View Solar,https://openei.org/wiki/InSPIRE/Sites/Mohawk_View_Solar,"Habitat,Grazing",7.5,27,2021,,Single-axis Tracking,"Pollinator, Native grasses",,Sheep
Monarch Solar,https://openei.org/wiki/InSPIRE/Sites/Monarch_Solar,Habitat,1.4,8.7,2020,,Single-axis Tracking,Pollinator,,
Monee Solar,https://openei.org/wiki/InSPIRE/Sites/Monee_Solar,Grazing,2,30.13,2024,,,,,Sheep
Monroe Solar Facility,https://openei.org/wiki/InSPIRE/Sites/Monroe_Solar_Facility,Grazing,74.6,400,2017,,Fixed,,,Sheep
Montegomery sheep farm,https://openei.org/wiki/InSPIRE/Sites/Montegomery_sheep_farm,Grazing,25,200,2015,,Fixed,,,Sheep
Monticello Project CSG,https://openei.org/wiki/InSPIRE/Sites/Monticello_Project_CSG,Habitat,6.7,35.78,2018,,Single-axis Tracking,Native grasses,,
Montrose S,https://openei.org/wiki/InSPIRE/Sites/Montrose_S,"Habitat,Grazing",4.98,23.46,2016,Monofacial PV,Single-axis Tracking,"Pollinator, Native grasses",,Sheep
Morgan Community Solar,https://openei.org/wiki/InSPIRE/Sites/Morgan_Community_Solar,"Habitat,Grazing",3.9,21.74,2017,Other,Fixed,Pollinator,,Sheep
Mossberg Drive,https://openei.org/wiki/InSPIRE/Sites/Mossberg_Drive,Grazing,0.65,6,2015,,Fixed,,,Sheep
Mount Tom,https://openei.org/wiki/InSPIRE/Sites/Mount_Tom,Habitat,5.85,22,2017,Monofacial PV,Fixed,Pollinator,,
Mt. Hope DPC Solar,https://openei.org/wiki/InSPIRE/Sites/Mt._Hope_DPC_Solar,Habitat,1.5,10.6,2017,,Single-axis Tracking,Pollinator,,
Mud Garden Solar,https://openei.org/wiki/InSPIRE/Sites/Mud_Garden_Solar,Habitat,1.3,4.61,2020,,Fixed,Native grasses,,
Mulberry Solar,https://openei.org/wiki/InSPIRE/Sites/Mulberry_Solar,Grazing,2,9.76,2023,,,,,Sheep
Musgrave,https://openei.org/wiki/InSPIRE/Sites/Musgrave,Grazing,5.6,22,2016,Monofacial PV,Fixed,,,Sheep
Mustang Two Solar Facility,https://openei.org/wiki/InSPIRE/Sites/Mustang_Two_Solar_Facility,Grazing,211,"1,160",2020,,Single-axis Tracking,,,Sheep
NREL Bifacial Plot (BARN),https://openei.org/wiki/InSPIRE/Sites/NREL_Bifacial_Plot_(BARN),"Crop Production,Habitat",0.075,0.3,2019,Bifacial PV,Single-axis Tracking,Pollinator,"Tomatoes, pepper, kale, chard, carrot, beans",
NREL National Wind Technology Center Solar Vegetation Test Plot,https://openei.org/wiki/InSPIRE/Sites/NREL_National_Wind_Technology_Center_Solar_Vegetation_Test_Plot,Habitat,1.1,8,2009,Monofacial PV,Single-axis Tracking,Native grasses,,
Nash Creek Solar,https://openei.org/wiki/InSPIRE/Sites/Nash_Creek_Solar,Habitat,2.4,12,,Monofacial PV,Single-axis Tracking,Pollinator,,
National Center for Appropriate Technology,https://openei.org/wiki/InSPIRE/Sites/National_Center_for_Appropriate_Technology,"Crop Production,Habitat",0.045,0.225,2016,,Fixed,"Pollinator, Native grasses",Spring wheat,
Native Hill Farm,https://openei.org/wiki/InSPIRE/Sites/Native_Hill_Farm,Crop Production,0.016,0.5,2023,Bifacial PV,Single-axis Tracking,,"Beans, Broccoli, Carrots, Peppers, Potatoes",
Nesvold Watertown Solar,https://openei.org/wiki/InSPIRE/Sites/Nesvold_Watertown_Solar,Habitat,7,33,2018,Monofacial PV,Fixed,Pollinator,,
New Auburn DPC Solar,https://openei.org/wiki/InSPIRE/Sites/New_Auburn_DPC_Solar,Habitat,3.7,17.6,2018,,Single-axis Tracking,Pollinator,,
New Mexico State University,https://openei.org/wiki/InSPIRE/Sites/New_Mexico_State_University,Crop Production,,,2022,,,,Chiles,
New Munich Solar,https://openei.org/wiki/InSPIRE/Sites/New_Munich_Solar,Habitat,1.4,11.5,2019,,Single-axis Tracking,Pollinator,,
Niagara University,https://openei.org/wiki/InSPIRE/Sites/Niagara_University,Grazing,4,17,2023,,,,,Sheep
Nillie Corn Solar,https://openei.org/wiki/InSPIRE/Sites/Nillie_Corn_Solar,Habitat,1.4,9.1,2018,,Single-axis Tracking,Pollinator,,
Norelius Solar,https://openei.org/wiki/InSPIRE/Sites/Norelius_Solar,Habitat,1.4,9.5,2019,,Single-axis Tracking,Pollinator,,
North Eagle Village Solar,https://openei.org/wiki/InSPIRE/Sites/North_Eagle_Village_Solar,Grazing,7.5,22.8,2022,,Fixed,,,Sheep
North Star Solar Project,https://openei.org/wiki/InSPIRE/Sites/North_Star_Solar_Project,"Habitat,Grazing",138,850,2016,,Single-axis Tracking,Native grasses,,Sheep
Northfield Community Solar,https://openei.org/wiki/InSPIRE/Sites/Northfield_Community_Solar,"Habitat,Grazing",6.5,38.81,2016,Other,Fixed,Pollinator,,Sheep
Northfield Solar CSG,https://openei.org/wiki/InSPIRE/Sites/Northfield_Solar_CSG,Habitat,7.2,26.24,2020,,Fixed,Pollinator,,
Novel Brooten Solar CSG,https://openei.org/wiki/InSPIRE/Sites/Novel_Brooten_Solar_CSG,Habitat,1.5,13.3,2019,,Fixed,Pollinator,,
Novel Energy,https://openei.org/wiki/InSPIRE/Sites/Novel_Energy,Habitat,9.4,58,2021,,Single-axis Tracking,Pollinator,,
Novel OYA of Osakis CSG,https://openei.org/wiki/InSPIRE/Sites/Novel_OYA_of_Osakis_CSG,Habitat,7.2,36.67,2018,,Fixed,Pollinator,,
Novel Reber Solar CSG,https://openei.org/wiki/InSPIRE/Sites/Novel_Reber_Solar_CSG,Habitat,1.5,8,2019,,Fixed,Pollinator,,
OE 1 Armstrong Solar,https://openei.org/wiki/InSPIRE/Sites/OE_1_Armstrong_Solar,Habitat,3.5,23.9,,,Single-axis Tracking,Pollinator,,
OE Solar 2 Blazing Star,https://openei.org/wiki/InSPIRE/Sites/OE_Solar_2_Blazing_Star,Habitat,3.5,24.6,,,,Pollinator,,
OE Solar 3 PV,https://openei.org/wiki/InSPIRE/Sites/OE_Solar_3_PV,Habitat,2,19.77,2022,,Single-axis Tracking,Pollinator,,
OSU 53rd Street Solar Array,https://openei.org/wiki/InSPIRE/Sites/OSU_53rd_Street_Solar_Array,Crop Production,0.289,1.6,2013,Monofacial PV,Fixed,,,
OSU Vegetable Research Farm Solar Array,https://openei.org/wiki/InSPIRE/Sites/OSU_Vegetable_Research_Farm_Solar_Array,Crop Production,0.65,1.6,,Monofacial PV,Fixed,,,
Oberlin Spear Point,https://openei.org/wiki/InSPIRE/Sites/Oberlin_Spear_Point,Grazing,2.3,12,2012,Monofacial PV,Single-axis Tracking,,,Sheep
Olney Solar II Array,https://openei.org/wiki/InSPIRE/Sites/Olney_Solar_II_Array,Habitat,2.7,14.68,2021,,Single-axis Tracking,Pollinator,,
"Omni Navitas Holdings, LLC","https://openei.org/wiki/InSPIRE/Sites/Omni_Navitas_Holdings,_LLC",Grazing,4.6,22,2022,,Single-axis Tracking,,,Sheep
Organic Valley,https://openei.org/wiki/InSPIRE/Sites/Organic_Valley,Habitat,2.75,8.4,2019,Monofacial PV,Single-axis Tracking,"Pollinator, Native grasses",,
Orion Community Solar,https://openei.org/wiki/InSPIRE/Sites/Orion_Community_Solar,"Habitat,Grazing",3.9,25.3,2017,Other,Fixed,Pollinator,,Sheep
Oxford Road,https://openei.org/wiki/InSPIRE/Sites/Oxford_Road,Grazing,0.65,3,2016,,Fixed,,,Sheep
Palmer Sykes St Sheep Agrivoltaic Project,https://openei.org/wiki/InSPIRE/Sites/Palmer_Sykes_St_Sheep_Agrivoltaic_Project,Grazing,8.6,23.3,2023,Bifacial PV,Fixed,Pollinator,,Sheep
Patterson Road North,https://openei.org/wiki/InSPIRE/Sites/Patterson_Road_North,Grazing,1,7,2018,,Fixed,,,Sheep
Patterson Road South,https://openei.org/wiki/InSPIRE/Sites/Patterson_Road_South,Grazing,0.53,3,2018,,Fixed,,,Sheep
Paw Paw Project 1,https://openei.org/wiki/InSPIRE/Sites/Paw_Paw_Project_1,Habitat,2.7,16.05,,,Single-axis Tracking,Pollinator,,
Paynesville Community Solar,https://openei.org/wiki/InSPIRE/Sites/Paynesville_Community_Solar,"Habitat,Grazing",6.5,33.7,2016,Other,Fixed,Pollinator,,Sheep
Pegasus Community Solar,https://openei.org/wiki/InSPIRE/Sites/Pegasus_Community_Solar,"Habitat,Grazing",2.6,11.59,2017,Other,Fixed,Pollinator,,Sheep
Penfield,https://openei.org/wiki/InSPIRE/Sites/Penfield,Habitat,6.1,28,2020,,Single-axis Tracking,Pollinator,,
Penn State Orchard Rd,https://openei.org/wiki/InSPIRE/Sites/Penn_State_Orchard_Rd,Habitat,2,15,2018,,Fixed,Pollinator,,
Penn State Whitetail 1,https://openei.org/wiki/InSPIRE/Sites/Penn_State_Whitetail_1,Grazing,18.23,166,2019,Bifacial PV,Single-axis Tracking,,,Sheep
Penn State Whitetail 2,https://openei.org/wiki/InSPIRE/Sites/Penn_State_Whitetail_2,Habitat,27,167,2020,Bifacial PV,Single-axis Tracking,Pollinator,,
Penn State Whitetail 3,https://openei.org/wiki/InSPIRE/Sites/Penn_State_Whitetail_3,Habitat,27,167,2020,Bifacial PV,Single-axis Tracking,Pollinator,,
Penn Yan Solar I,https://openei.org/wiki/InSPIRE/Sites/Penn_Yan_Solar_I,Grazing,7.2,20,2017,,,,,Sheep
Pennsylvania: habitat,https://openei.org/wiki/InSPIRE/Sites/Pennsylvania:_habitat,Habitat,1.83,5,2018,,Fixed,Pollinator,,
Perdue Salisbury Photovoltaic,https://openei.org/wiki/InSPIRE/Sites/Perdue_Salisbury_Photovoltaic,Habitat,1.2,2.5,2011,,Fixed,Pollinator,,
Pheasant Solar,https://openei.org/wiki/InSPIRE/Sites/Pheasant_Solar,Habitat,1.4,7.5,2020,,Single-axis Tracking,Pollinator,,
Pine Island,https://openei.org/wiki/InSPIRE/Sites/Pine_Island,Habitat,6.5,42.3,2016,Monofacial PV,Single-axis Tracking,Pollinator,,
Pivot Energy Minnesota Solar 01 LLC,https://openei.org/wiki/InSPIRE/Sites/Pivot_Energy_Minnesota_Solar_01_LLC,Grazing,1.2,7.2,2023,Bifacial PV,Single-axis Tracking,,,Sheep
"Pivot Solar 1, LLC","https://openei.org/wiki/InSPIRE/Sites/Pivot_Solar_1,_LLC",Grazing,5,32.5,2022,,Single-axis Tracking,,,Sheep
Pivot Solar NY 3,https://openei.org/wiki/InSPIRE/Sites/Pivot_Solar_NY_3,Grazing,2.3,15,,,Single-axis Tracking,,,Sheep
Pivot Solar NY 4,https://openei.org/wiki/InSPIRE/Sites/Pivot_Solar_NY_4,Grazing,14.25,2.8,2022,,,,,Sheep
Pivot Solar NY 5,https://openei.org/wiki/InSPIRE/Sites/Pivot_Solar_NY_5,Grazing,2.5,15.25,,,Single-axis Tracking,,,Sheep
"Pivot Solar NY 6, LLC","https://openei.org/wiki/InSPIRE/Sites/Pivot_Solar_NY_6,_LLC",Grazing,5,24,,,,,,Sheep
Plumas Sierra,https://openei.org/wiki/InSPIRE/Sites/Plumas_Sierra,Habitat,3.3,15,2018,,Single-axis Tracking,Pollinator,,
Podunque Road (CSG),https://openei.org/wiki/InSPIRE/Sites/Podunque_Road_(CSG),Grazing,6.8,21,2021,,Fixed,,,Sheep
Point Beach Solar,https://openei.org/wiki/InSPIRE/Sites/Point_Beach_Solar,Habitat,141,363,2021,,Single-axis Tracking,Pollinator,,
Pollux Community Solar,https://openei.org/wiki/InSPIRE/Sites/Pollux_Community_Solar,"Habitat,Grazing",0.9,4.83,,,Fixed,Pollinator,,Sheep
Ponduque Road (CSG),https://openei.org/wiki/InSPIRE/Sites/Ponduque_Road_(CSG),Grazing,6.8,18.8,2021,,Fixed,,,Sheep
Porcher Solar,https://openei.org/wiki/InSPIRE/Sites/Porcher_Solar,Habitat,0.85,4.25,2018,,Fixed,Pollinator,,
Porter Way Community Solar Garden,https://openei.org/wiki/InSPIRE/Sites/Porter_Way_Community_Solar_Garden,Habitat,3.9,14.7,2018,,Fixed,Pollinator,,
Prairie Fire,https://openei.org/wiki/InSPIRE/Sites/Prairie_Fire,Grazing,5,24,2012,,Fixed,,,Sheep
Prairie Wolf Solar,https://openei.org/wiki/InSPIRE/Sites/Prairie_Wolf_Solar,Habitat,255,"1,500",2021,Other,Single-axis Tracking,"Naturalized, Pollinator, Native grasses",,
"Primrose Solar, LLC","https://openei.org/wiki/InSPIRE/Sites/Primrose_Solar,_LLC",Habitat,1.5,6.99,2021,,Single-axis Tracking,Pollinator,,
Providence Solar Farm,https://openei.org/wiki/InSPIRE/Sites/Providence_Solar_Farm,Grazing,19.9,177,2017,Other,Single-axis Tracking,,,Sheep
Pulaski Solar Center,https://openei.org/wiki/InSPIRE/Sites/Pulaski_Solar_Center,Grazing,2.25,28,,,Fixed,,,Sheep
Putnam Solar,https://openei.org/wiki/InSPIRE/Sites/Putnam_Solar,Grazing,5,18.7,,,,,,Sheep
RAREC Upper Deerfield,https://openei.org/wiki/InSPIRE/Sites/RAREC_Upper_Deerfield,Crop Production,0.255,3.41,,,Single-axis Tracking,,Grain and specialty crops,
"RE Adams East, LLC","https://openei.org/wiki/InSPIRE/Sites/RE_Adams_East,_LLC",Grazing,24.9,160,2014,Other,Single-axis Tracking,,,Sheep
"RE Kansas Solar, LLC","https://openei.org/wiki/InSPIRE/Sites/RE_Kansas_Solar,_LLC",Grazing,27.1,185,2014,Other,Single-axis Tracking,,,Sheep
"RE Kent South, LLC","https://openei.org/wiki/InSPIRE/Sites/RE_Kent_South,_LLC",Grazing,26.3,160,2014,Other,Single-axis Tracking,,,Sheep
"RJC CSG, LLC","https://openei.org/wiki/InSPIRE/Sites/RJC_CSG,_LLC",Grazing,1.5,6.2,2021,,Fixed,,,Sheep
"Rancho Seco Solar II, LLC","https://openei.org/wiki/InSPIRE/Sites/Rancho_Seco_Solar_II,_LLC","Habitat,Grazing",212.8,554,2021,,Fixed,Pollinator,,Sheep
"Rancho Seco Solar, LLC","https://openei.org/wiki/InSPIRE/Sites/Rancho_Seco_Solar,_LLC",Grazing,12.5,60.7,2016,Other,Single-axis Tracking,,,Sheep
Randolph CSG PV1-5,https://openei.org/wiki/InSPIRE/Sites/Randolph_CSG_PV1-5,"Habitat,Grazing",6.5,40,2019,,Fixed,Native grasses,,Sheep
Randolph Central Schools: Winchester Community High School,https://openei.org/wiki/InSPIRE/Sites/Randolph_Central_Schools:_Winchester_Community_High_School,Habitat,0.7,2.5,2021,,Fixed,Pollinator,,
Rapidan Solar,https://openei.org/wiki/InSPIRE/Sites/Rapidan_Solar,Habitat,0.6,6.3,2019,,Single-axis Tracking,Pollinator,,
Red Horse,https://openei.org/wiki/InSPIRE/Sites/Red_Horse,Grazing,75.9,855,2015,Other,Single-axis Tracking,,,Sheep
Red Maple,https://openei.org/wiki/InSPIRE/Sites/Red_Maple,Habitat,3.9,18,2018,,Single-axis Tracking,Pollinator,,
Red Wing Community Solar,https://openei.org/wiki/InSPIRE/Sites/Red_Wing_Community_Solar,Habitat,6.1,33,2016,,Fixed,Pollinator,,
Redcrest Solar Farm,https://openei.org/wiki/InSPIRE/Sites/Redcrest_Solar_Farm,Grazing,20.9,120,2015,Other,Single-axis Tracking,,,Sheep
Reindeer Solar,https://openei.org/wiki/InSPIRE/Sites/Reindeer_Solar,Habitat,1.4,7.5,2020,,Single-axis Tracking,Pollinator,,
Richardson,https://openei.org/wiki/InSPIRE/Sites/Richardson,Grazing,1,6,2016,,Fixed,,,Sheep
Richmond CSG,https://openei.org/wiki/InSPIRE/Sites/Richmond_CSG,Habitat,7,32,2017,Monofacial PV,Fixed,Pollinator,,
River Road,https://openei.org/wiki/InSPIRE/Sites/River_Road,Grazing,1,5,2016,,Fixed,,,Sheep
Riverstart Solar Park,https://openei.org/wiki/InSPIRE/Sites/Riverstart_Solar_Park,"Habitat,Grazing",220,"1,400",2021,,Single-axis Tracking,Pollinator,,Sheep
Rockford CS LLC 1 PV,https://openei.org/wiki/InSPIRE/Sites/Rockford_CS_LLC_1_PV,Habitat,2.6,10.72,2021,,Single-axis Tracking,Pollinator,,
Rockford CS LLC 2 PV,https://openei.org/wiki/InSPIRE/Sites/Rockford_CS_LLC_2_PV,Habitat,2.6,11.1,2021,,Single-axis Tracking,Pollinator,,
Rockford Solar,https://openei.org/wiki/InSPIRE/Sites/Rockford_Solar,Habitat,2.6,9.3,2021,,Fixed,Pollinator,,
Rockpoint solar,https://openei.org/wiki/InSPIRE/Sites/Rockpoint_solar,Habitat,1.4,8.4,2018,Monofacial PV,Single-axis Tracking,Pollinator,,
Rosemount Community Solar,https://openei.org/wiki/InSPIRE/Sites/Rosemount_Community_Solar,"Habitat,Grazing",6.5,33.65,2016,Other,Fixed,Pollinator,,Sheep
Round Grove,https://openei.org/wiki/InSPIRE/Sites/Round_Grove,Habitat,2.4,32,,,,Pollinator,,
Route 76 Boone Solar 1 PV,https://openei.org/wiki/InSPIRE/Sites/Route_76_Boone_Solar_1_PV,Habitat,2.7,14.35,2020,,Single-axis Tracking,Pollinator,,
SUNY Cortland,https://openei.org/wiki/InSPIRE/Sites/SUNY_Cortland,Grazing,1.118,4,,,Fixed,,,Sheep
Saffron in Vermont,https://openei.org/wiki/InSPIRE/Sites/Saffron_in_Vermont,Crop Production,0.015,0.1,2018,Monofacial PV,Fixed,,Saffron,
Sagitta Community Solar,https://openei.org/wiki/InSPIRE/Sites/Sagitta_Community_Solar,Habitat,1.5,6.15,2018,Other,Fixed,Native grasses,,
Salem,https://openei.org/wiki/InSPIRE/Sites/Salem,Habitat,0.616,5,2021,,Fixed,Pollinator,,
Sand Lake DPC Solar,https://openei.org/wiki/InSPIRE/Sites/Sand_Lake_DPC_Solar,Habitat,1.5,10.5,2017,,Single-axis Tracking,Pollinator,,
Sauk DPC Solar,https://openei.org/wiki/InSPIRE/Sites/Sauk_DPC_Solar,Habitat,1.2,8.6,2017,,Single-axis Tracking,Pollinator,,
Scandia CSG,https://openei.org/wiki/InSPIRE/Sites/Scandia_CSG,Habitat,5,62.4,2018,,Single-axis Tracking,Native grasses,,
Schull,https://openei.org/wiki/InSPIRE/Sites/Schull,Habitat,1.4,7.3,2021,,Single-axis Tracking,Pollinator,,
Schultz CSG,https://openei.org/wiki/InSPIRE/Sites/Schultz_CSG,Habitat,2.6,12.67,2018,,Fixed,Native grasses,,
Schwinghamer Project CSG,https://openei.org/wiki/InSPIRE/Sites/Schwinghamer_Project_CSG,Habitat,1.4,10,2019,,Fixed,Pollinator,,
Selmer I Solar Farm,https://openei.org/wiki/InSPIRE/Sites/Selmer_I_Solar_Farm,Grazing,19.9,120,2016,Other,Single-axis Tracking,,,Sheep
Seneca,https://openei.org/wiki/InSPIRE/Sites/Seneca,Grazing,5.2,20,2018,Monofacial PV,Fixed,,,Sheep
Shamrock/Blue Prarie,https://openei.org/wiki/InSPIRE/Sites/Shamrock/Blue_Prarie,Habitat,3.1,15.5,2021,Bifacial PV,Fixed,Pollinator,,
Shelburne Museum,https://openei.org/wiki/InSPIRE/Sites/Shelburne_Museum,Habitat,0.78,4.5,2020,,Fixed,Pollinator,,
Shelburne Museum South,https://openei.org/wiki/InSPIRE/Sites/Shelburne_Museum_South,Habitat,0.15,1.35,2021,,Fixed,Pollinator,,
Sherco Solar Phase 1,https://openei.org/wiki/InSPIRE/Sites/Sherco_Solar_Phase_1,Habitat,230,"1,500",2023,,,Pollinator,,
Shrewsbury Solar,https://openei.org/wiki/InSPIRE/Sites/Shrewsbury_Solar,Grazing,3.5,12,2012,,Fixed,,,Sheep
Sidney Solar PV,https://openei.org/wiki/InSPIRE/Sites/Sidney_Solar_PV,Habitat,2.9,14.9,2021,,Single-axis Tracking,Pollinator,,
Site 1 TR,https://openei.org/wiki/InSPIRE/Sites/Site_1_TR,Grazing,2.7,12,2019,Monofacial PV,Fixed,,,Sheep
Site 3 GR- To be grazed in 2020,https://openei.org/wiki/InSPIRE/Sites/Site_3_GR-_To_be_grazed_in_2020,Grazing,6.3,30,2019,Monofacial PV,Fixed,,,Sheep
Skipjack Solar Center,https://openei.org/wiki/InSPIRE/Sites/Skipjack_Solar_Center,Grazing,175,"2,200",2021,,Single-axis Tracking,,,Sheep
Slate Solar PV Park,https://openei.org/wiki/InSPIRE/Sites/Slate_Solar_PV_Park,Grazing,390.3,"2,120",2022,Bifacial PV,Single-axis Tracking,,,Sheep
Slidematic,https://openei.org/wiki/InSPIRE/Sites/Slidematic,Habitat,2.5,10.72,2022,,Single-axis Tracking,Pollinator,,
Snipesville I Ranch,https://openei.org/wiki/InSPIRE/Sites/Snipesville_I_Ranch,Grazing,122.8,"1,500",2020,,Single-axis Tracking,,,Sheep
Snipesville II Solar Farm,https://openei.org/wiki/InSPIRE/Sites/Snipesville_II_Solar_Farm,Grazing,152,"1,850",2021,Other,Single-axis Tracking,,,Sheep
Snipesville III Ranch,https://openei.org/wiki/InSPIRE/Sites/Snipesville_III_Ranch,Grazing,150,"1,850",2023,,,,,Sheep
Snyder Farm Pittstown,https://openei.org/wiki/InSPIRE/Sites/Snyder_Farm_Pittstown,Crop Production,0.095,1.42,,,Single-axis Tracking,,Hay,
Solar Dawn,https://openei.org/wiki/InSPIRE/Sites/Solar_Dawn,Habitat,1.4,9.8,2018,,Single-axis Tracking,Pollinator,,
Solar Farm 2.0 (Northern Cardinal),https://openei.org/wiki/InSPIRE/Sites/Solar_Farm_2.0_(Northern_Cardinal),"Habitat,Crop Production",12.32,54,2021,Bifacial PV,Single-axis Tracking,Pollinator,"Soybean, sorghum, clover",
Solar Grazing at Susquehanna University,https://openei.org/wiki/InSPIRE/Sites/Solar_Grazing_at_Susquehanna_University,Grazing,3.9,14,2018,,Fixed,,,Sheep
Solar Harvest,https://openei.org/wiki/InSPIRE/Sites/Solar_Harvest,Crop Production,0.326,5,2023,,Single-axis Tracking,,"Alfalfa, arugula, beets, bok choy, cabbage, carrots, chard, garlic, hemp, onions, parsley, radish, spinach, sweet potato, turnips, and yams",
"Solar Park Energy, LLC","https://openei.org/wiki/InSPIRE/Sites/Solar_Park_Energy,_LLC",Grazing,5,33.25,,,,,,Sheep
Solar Pollinator Habitat Discovery Trail,https://openei.org/wiki/InSPIRE/Sites/Solar_Pollinator_Habitat_Discovery_Trail,Habitat,0.276,1.5,2019,,Fixed,Pollinator,,
Solar Rapids,https://openei.org/wiki/InSPIRE/Sites/Solar_Rapids,Habitat,1.4,8.8,2019,,Single-axis Tracking,Pollinator,,
Solar Sheep LLC,https://openei.org/wiki/InSPIRE/Sites/Solar_Sheep_LLC,Grazing,,,2014,Monofacial PV,Fixed,,,Sheep
Solar Shepherd,https://openei.org/wiki/InSPIRE/Sites/Solar_Shepherd,"Habitat,Grazing",5.1,15,2021,,Fixed,Pollinator,,Sheep
Solar Sources Solar,https://openei.org/wiki/InSPIRE/Sites/Solar_Sources_Solar,Habitat,1.4,10.6,2020,,Single-axis Tracking,Pollinator,,
Solar Way,https://openei.org/wiki/InSPIRE/Sites/Solar_Way,Habitat,1.4,8.9,2020,,Single-axis Tracking,Pollinator,,
SoliCulture Greenhouse,https://openei.org/wiki/InSPIRE/Sites/SoliCulture_Greenhouse,Greenhouse,0.01,0.05,,Translucent PV,Fixed,,Greens,
Solinator Garden,https://openei.org/wiki/InSPIRE/Sites/Solinator_Garden,Habitat,1,6,2020,Monofacial PV,Single-axis Tracking,"Naturalized, Pollinator",,
Somonauk Road Solar 1,https://openei.org/wiki/InSPIRE/Sites/Somonauk_Road_Solar_1,Habitat,2.7,16.5,2021,,Single-axis Tracking,Pollinator,,
Spadra Farm- Cal Poly Campus,https://openei.org/wiki/InSPIRE/Sites/Spadra_Farm-_Cal_Poly_Campus,Crop Production,0.032,0.16,2024,Monofacial PV,,,Lettuce,
Spartanburg (Kohler),https://openei.org/wiki/InSPIRE/Sites/Spartanburg_(Kohler),Habitat,1.2,6,2017,,Fixed,Pollinator,,
Spica Community Solar,https://openei.org/wiki/InSPIRE/Sites/Spica_Community_Solar,"Habitat,Grazing",2.6,13.12,2017,Other,Fixed,Pollinator,,Sheep
Spring Hill Greens,https://openei.org/wiki/InSPIRE/Sites/Spring_Hill_Greens,"Crop Production,Greenhouse",0.027,1.77,2022,Bifacial PV,Fixed,,Microgreens,
Spring Street Road II Solar Project,https://openei.org/wiki/InSPIRE/Sites/Spring_Street_Road_II_Solar_Project,Grazing,7,27.5,,,,,,Sheep
Spring Street Road III Solar Project,https://openei.org/wiki/InSPIRE/Sites/Spring_Street_Road_III_Solar_Project,Grazing,7,35.22,,,,,,Sheep
Starratt Solar Farm,https://openei.org/wiki/InSPIRE/Sites/Starratt_Solar_Farm,Grazing,5,25,2017,,Fixed,,,Sheep
Steamboat Solar,https://openei.org/wiki/InSPIRE/Sites/Steamboat_Solar,Habitat,1.2,9.1,2021,,Single-axis Tracking,Pollinator,,
Stearns Solar I,https://openei.org/wiki/InSPIRE/Sites/Stearns_Solar_I,Habitat,1.4,11,2019,Other,Single-axis Tracking,Pollinator,,
Strandness Garden,https://openei.org/wiki/InSPIRE/Sites/Strandness_Garden,Habitat,1.3,4.93,2020,,Fixed,Native grasses,,
Strawberry Point DPC Solar,https://openei.org/wiki/InSPIRE/Sites/Strawberry_Point_DPC_Solar,Habitat,1.6,10,2017,,Single-axis Tracking,Pollinator,,
Strobus,https://openei.org/wiki/InSPIRE/Sites/Strobus,Habitat,1.9,12.1,2021,,Single-axis Tracking,Pollinator,,
Stromland,https://openei.org/wiki/InSPIRE/Sites/Stromland,"Habitat,Grazing",3.7,15,2021,Bifacial PV,Single-axis Tracking,Pollinator,,Sheep
Summit Plant Labs,https://openei.org/wiki/InSPIRE/Sites/Summit_Plant_Labs,Greenhouse,0.027,0.125,2022,Bifacial PV,,,,
Sun Mountain Solar,https://openei.org/wiki/InSPIRE/Sites/Sun_Mountain_Solar,Grazing,296.2,"2,240",2022,Other,Single-axis Tracking,,,Sheep
"SunE Feely 1 CSG, LLC","https://openei.org/wiki/InSPIRE/Sites/SunE_Feely_1_CSG,_LLC","Habitat,Grazing",6.5,49.85,2018,,Fixed,Native grasses,,Sheep
"SunE Stolee CSG, LLC","https://openei.org/wiki/InSPIRE/Sites/SunE_Stolee_CSG,_LLC","Habitat,Grazing",3.9,34.13,2018,,Fixed,Native grasses,,Sheep
SunVest Solar,https://openei.org/wiki/InSPIRE/Sites/SunVest_Solar,Habitat,3,18.5,2021,,Single-axis Tracking,Pollinator,,
Sunflower I (Connexus Solar Baldwin 1BDN),https://openei.org/wiki/InSPIRE/Sites/Sunflower_I_(Connexus_Solar_Baldwin_1BDN),Habitat,3.7,18,2021,,Single-axis Tracking,Pollinator,,
Sunrise Community Solar,https://openei.org/wiki/InSPIRE/Sites/Sunrise_Community_Solar,"Habitat,Grazing",6.5,30.5,2016,Other,Fixed,Pollinator,,Sheep
Sunrise Solar,https://openei.org/wiki/InSPIRE/Sites/Sunrise_Solar,Habitat,1.4,10.5,2020,,Single-axis Tracking,Pollinator,,
Sunzaun Somerset Winery,https://openei.org/wiki/InSPIRE/Sites/Sunzaun_Somerset_Winery,Crop Production,0.023,3,2022,Bifacial PV,Fixed,,Grapes,
Sussex Conservation District,https://openei.org/wiki/InSPIRE/Sites/Sussex_Conservation_District,Habitat,0.039,0.5,2012,,Fixed,Pollinator,,
Swan Garden,https://openei.org/wiki/InSPIRE/Sites/Swan_Garden,Habitat,1.5,7.43,2021,,Single-axis Tracking,Pollinator,,
Swanton School - Megan and Tyler,https://openei.org/wiki/InSPIRE/Sites/Swanton_School_-_Megan_and_Tyler,Habitat,0.62,3,2021,,Fixed,Pollinator,,
Sycamore Solar,https://openei.org/wiki/InSPIRE/Sites/Sycamore_Solar,Habitat,2.7,12,2022,,Single-axis Tracking,Pollinator,,
T Luhman CSG,https://openei.org/wiki/InSPIRE/Sites/T_Luhman_CSG,Grazing,1.4,7,2021,,Single-axis Tracking,,,Sheep
Taurus Community Solar,https://openei.org/wiki/InSPIRE/Sites/Taurus_Community_Solar,"Habitat,Grazing",5.2,23.11,2018,Other,Single-axis Tracking,Pollinator,,Sheep
Taylors Falls CSG,https://openei.org/wiki/InSPIRE/Sites/Taylors_Falls_CSG,Habitat,7.2,27.8,2018,Monofacial PV,Fixed,Pollinator,,
Temple University Ambler Campus,https://openei.org/wiki/InSPIRE/Sites/Temple_University_Ambler_Campus,"Crop Production,Habitat",0.00574,0.014,2023,Bifacial PV,Fixed,Pollinator,"Lettuce (buttercrunch head lettuce, red salad bowl lettuce), basil (genovese), cherry tomatoes (supersweet, sungold), beans (burpees stringless green pod, contender), radishes (french breakfast, donato F1)",
Terrapin Branch Solar,https://openei.org/wiki/InSPIRE/Sites/Terrapin_Branch_Solar,Grazing,1.5,5,2014,,Fixed,,,Sheep
Tiller CSG,https://openei.org/wiki/InSPIRE/Sites/Tiller_CSG,Habitat,6.3,35.47,2018,,Single-axis Tracking,Native grasses,,
Toms River,https://openei.org/wiki/InSPIRE/Sites/Toms_River,Habitat,28.89,126,2021,,Fixed,Native grasses,,
Topaz Solar Farm,https://openei.org/wiki/InSPIRE/Sites/Topaz_Solar_Farm,Grazing,752.1,"4,700",2014,Other,Fixed,,,Sheep
Townsend Road (CSG),https://openei.org/wiki/InSPIRE/Sites/Townsend_Road_(CSG),Grazing,5.1,21.1,2021,,Fixed,,,Sheep
Trumbell,https://openei.org/wiki/InSPIRE/Sites/Trumbell,Habitat,1.314,7,2021,,Fixed,Pollinator,,
Turkey Creek Ranch,https://openei.org/wiki/InSPIRE/Sites/Turkey_Creek_Ranch,"Habitat,Grazing",70,753,2022,Other,Single-axis Tracking,Pollinator,,Sheep
Turkey Solar,https://openei.org/wiki/InSPIRE/Sites/Turkey_Solar,Habitat,1.4,9.5,2020,,Single-axis Tracking,Pollinator,,
Two Creeks Solar Park,https://openei.org/wiki/InSPIRE/Sites/Two_Creeks_Solar_Park,Habitat,213,782,2020,,Single-axis Tracking,Pollinator,,
UC Davis Agrivoltaic Test Site,https://openei.org/wiki/InSPIRE/Sites/UC_Davis_Agrivoltaic_Test_Site,Crop Production,0.005,1.4,2022,Bifacial PV,Fixed,,"Peppers, Basil, Tomatoes",
USDA-UGA AgSolar Synergy,https://openei.org/wiki/InSPIRE/Sites/USDA-UGA_AgSolar_Synergy,Greenhouse,0.01,0.1,2023,Translucent PV,Fixed,,"Tomato, lettuce",
USS Brockway Solar CSG,https://openei.org/wiki/InSPIRE/Sites/USS_Brockway_Solar_CSG,Habitat,1.4,8.2,2019,Monofacial PV,Single-axis Tracking,Pollinator,,
USS Danube,https://openei.org/wiki/InSPIRE/Sites/USS_Danube,Habitat,1.4,7.9,2021,,Single-axis Tracking,Pollinator,,
USS Foley,https://openei.org/wiki/InSPIRE/Sites/USS_Foley,Habitat,1.4,7.85,2022,,Single-axis Tracking,Pollinator,,
USS Itasca,https://openei.org/wiki/InSPIRE/Sites/USS_Itasca,Habitat,1.4,14,2022,,Single-axis Tracking,Pollinator,,
USS Peach,https://openei.org/wiki/InSPIRE/Sites/USS_Peach,Habitat,1.4,7.3,2022,,Single-axis Tracking,Pollinator,,
USS Prokosch,https://openei.org/wiki/InSPIRE/Sites/USS_Prokosch,Habitat,1.4,7.8,2022,,Single-axis Tracking,Pollinator,,
USS Quail,https://openei.org/wiki/InSPIRE/Sites/USS_Quail,Habitat,1.4,8.4,2022,,Single-axis Tracking,Pollinator,,
USS Rosebud,https://openei.org/wiki/InSPIRE/Sites/USS_Rosebud,Habitat,1.4,8.1,2022,,Single-axis Tracking,Pollinator,,
USS Water City,https://openei.org/wiki/InSPIRE/Sites/USS_Water_City,Habitat,1.4,8.5,2021,,Single-axis Tracking,Pollinator,,
USS Water Fowl,https://openei.org/wiki/InSPIRE/Sites/USS_Water_Fowl,Habitat,1.4,4,2022,,Single-axis Tracking,Pollinator,,
USS Water Town,https://openei.org/wiki/InSPIRE/Sites/USS_Water_Town,Habitat,1.4,8.3,2021,,Single-axis Tracking,Pollinator,,
USS Webster Solar CSG,https://openei.org/wiki/InSPIRE/Sites/USS_Webster_Solar_CSG,Habitat,1.4,8.21,2019,Monofacial PV,Single-axis Tracking,Pollinator,,
USS Wildcat,https://openei.org/wiki/InSPIRE/Sites/USS_Wildcat,Habitat,1.4,7.9,2021,,Single-axis Tracking,Pollinator,,
University Area Joint Authority,https://openei.org/wiki/InSPIRE/Sites/University_Area_Joint_Authority,"Habitat,Grazing",6.2,98.33,2021,Bifacial PV,Fixed,Native grasses,,Sheep
University of Arizona Biosphere 2 Site,https://openei.org/wiki/InSPIRE/Sites/University_of_Arizona_Biosphere_2_Site,Crop Production,0.02,0.1,2022,Monofacial PV,Fixed,,"tomato, pepper, 20+ crop types",
University of Dayton - Curran Place,https://openei.org/wiki/InSPIRE/Sites/University_of_Dayton_-_Curran_Place,Habitat,1.26,8,2018,Monofacial PV,Single-axis Tracking,Pollinator,,
University of Massachusetts-Amherst,https://openei.org/wiki/InSPIRE/Sites/University_of_Massachusetts-Amherst,Crop Production,0.026,0.15,2011,Monofacial PV,Fixed,,"Pepper, kale, broccoli, beans, chard",
University of Minnesota Morris West Central Research and Outreach Center,https://openei.org/wiki/InSPIRE/Sites/University_of_Minnesota_Morris_West_Central_Research_and_Outreach_Center,Grazing,0.5,1.25,2018,,Fixed,Naturalized,,Cows
University of Minnesota-CHP Plot,https://openei.org/wiki/InSPIRE/Sites/University_of_Minnesota-CHP_Plot,Habitat,0.15,1.1,2021,,Fixed,Pollinator,,
Urbana Landfill Central,https://openei.org/wiki/InSPIRE/Sites/Urbana_Landfill_Central,Habitat,2.7,11.36,2021,,Fixed,Pollinator,,
Urbana Landfill East,https://openei.org/wiki/InSPIRE/Sites/Urbana_Landfill_East,Habitat,2.7,10.3,2021,,Fixed,Pollinator,,
Ursa Community Solar,https://openei.org/wiki/InSPIRE/Sites/Ursa_Community_Solar,"Habitat,Grazing",6.5,27.78,2017,Other,Fixed,Pollinator,,Sheep
VEC Alburgh Array,https://openei.org/wiki/InSPIRE/Sites/VEC_Alburgh_Array,Habitat,1.2,6,2016,,Fixed,Pollinator,,
VEC Magee Hill Solar,https://openei.org/wiki/InSPIRE/Sites/VEC_Magee_Hill_Solar,Habitat,1.7,8,2017,,Fixed,Pollinator,,
Valley Creek,https://openei.org/wiki/InSPIRE/Sites/Valley_Creek,Habitat,3.1,15.5,2017,Monofacial PV,Fixed,Pollinator,"Melons, squash, pumpkins, and tomatoes",
Valparaiso Solar LLC,https://openei.org/wiki/InSPIRE/Sites/Valparaiso_Solar_LLC,Grazing,1.3,5.6,2012,,Fixed,,,Sheep
Van Epps Solar,https://openei.org/wiki/InSPIRE/Sites/Van_Epps_Solar,"Habitat,Grazing",7.6,26,2021,,Single-axis Tracking,Pollinator,,Sheep
Vasquez V,https://openei.org/wiki/InSPIRE/Sites/Vasquez_V,Grazing,4.809,24.045,2021,,Single-axis Tracking,,,Sheep
Vega Community Solar,https://openei.org/wiki/InSPIRE/Sites/Vega_Community_Solar,"Habitat,Grazing",6.5,33.83,2017,Other,Fixed,Pollinator,,Sheep
Verde Solar,https://openei.org/wiki/InSPIRE/Sites/Verde_Solar,Habitat,1.4,7.6,2020,,Single-axis Tracking,Pollinator,,
Verduin Community Solar Project,https://openei.org/wiki/InSPIRE/Sites/Verduin_Community_Solar_Project,Grazing,2.955,20.69,2023,,,,,Sheep
Vermillion River Solar,https://openei.org/wiki/InSPIRE/Sites/Vermillion_River_Solar,Habitat,3.8,13.6,2019,,Fixed,Pollinator,,
Veseli Community Solar Garden,https://openei.org/wiki/InSPIRE/Sites/Veseli_Community_Solar_Garden,Habitat,1.4,8.21,2018,,Single-axis Tracking,Pollinator,,
Viceroy Solar,https://openei.org/wiki/InSPIRE/Sites/Viceroy_Solar,Habitat,1.4,7.45,2021,,Single-axis Tracking,Pollinator,,
Volkswagen Chattanooga Solar Farm,https://openei.org/wiki/InSPIRE/Sites/Volkswagen_Chattanooga_Solar_Farm,Grazing,9.6,79,2012,,Fixed,,,Sheep
WEB Brookfield,https://openei.org/wiki/InSPIRE/Sites/WEB_Brookfield,Grazing,5.1,17,2021,,Fixed,,,Sheep
Walcott Solar CSG,https://openei.org/wiki/InSPIRE/Sites/Walcott_Solar_CSG,Habitat,5.7,30.21,2020,,Single-axis Tracking,Pollinator,,
Walrus Solar,https://openei.org/wiki/InSPIRE/Sites/Walrus_Solar,Habitat,0.6,4.4,2018,,Single-axis Tracking,Pollinator,,
Walz Community Solar Garden,https://openei.org/wiki/InSPIRE/Sites/Walz_Community_Solar_Garden,Habitat,3.018,17,2017,,Fixed,Pollinator,,
Warren DPC Solar,https://openei.org/wiki/InSPIRE/Sites/Warren_DPC_Solar,Habitat,2.9,16.4,2017,,Single-axis Tracking,Pollinator,,
Warsaw Solar CSG,https://openei.org/wiki/InSPIRE/Sites/Warsaw_Solar_CSG,Habitat,2.9,15.28,2020,,Single-axis Tracking,Pollinator,,
Waseca Solar,https://openei.org/wiki/InSPIRE/Sites/Waseca_Solar,"Grazing,Habitat",15.9,60,2016,,Single-axis Tracking,Pollinator,,Sheep
Washington DC: Habitat,https://openei.org/wiki/InSPIRE/Sites/Washington_DC:_Habitat,Habitat,2,8,2020,,Fixed,,,
Washington I,https://openei.org/wiki/InSPIRE/Sites/Washington_I,Grazing,15,105,2021,,Single-axis Tracking,,,Sheep
Waterloo Solar LLC,https://openei.org/wiki/InSPIRE/Sites/Waterloo_Solar_LLC,Grazing,1.3,6.4,2012,,Fixed,,,Sheep
Waterville CSG Solar Holdings LLC,https://openei.org/wiki/InSPIRE/Sites/Waterville_CSG_Solar_Holdings_LLC,Habitat,6.6,33.53,2018,,Fixed,Pollinator,,
Wells Fargo Des Moines Campus,https://openei.org/wiki/InSPIRE/Sites/Wells_Fargo_Des_Moines_Campus,Habitat,2,7.65,2022,,Fixed,Pollinator,,
West Faribault U,https://openei.org/wiki/InSPIRE/Sites/West_Faribault_U,Habitat,7.92,43.1,2016,Monofacial PV,Single-axis Tracking,Pollinator,,
West Hallock 1 Project,https://openei.org/wiki/InSPIRE/Sites/West_Hallock_1_Project,Habitat,2.8,15.9,2021,,Single-axis Tracking,Pollinator,,
West Side Solar,https://openei.org/wiki/InSPIRE/Sites/West_Side_Solar,Habitat,13.69,126,2023,,Single-axis Tracking,Pollinator,,
West Waconia,https://openei.org/wiki/InSPIRE/Sites/West_Waconia,Habitat,12.24,71,2016,Monofacial PV,Single-axis Tracking,Pollinator,,
Westar Cities Solar,https://openei.org/wiki/InSPIRE/Sites/Westar_Cities_Solar,Habitat,1.3,8.85,2017,,Single-axis Tracking,Pollinator,,
Westeros Solar,https://openei.org/wiki/InSPIRE/Sites/Westeros_Solar,Habitat,1.4,9.8,2020,,Single-axis Tracking,Pollinator,,
Westhampton Montague Road,https://openei.org/wiki/InSPIRE/Sites/Westhampton_Montague_Road,"Habitat,Grazing",6.31,23.2,2020,,Fixed,Pollinator,,Sheep
Westlands Almond,https://openei.org/wiki/InSPIRE/Sites/Westlands_Almond,Grazing,26,160,2023,,Single-axis Tracking,,,Sheep
Westlands Solar Blue,https://openei.org/wiki/InSPIRE/Sites/Westlands_Solar_Blue,Grazing,250,"1,841",2023,,Single-axis Tracking,,,Sheep
Westlands Westside Chestnut,https://openei.org/wiki/InSPIRE/Sites/Westlands_Westside_Chestnut,Grazing,150,"1,050",2021,,Single-axis Tracking,,,Sheep
Westport B Community Solar Garden,https://openei.org/wiki/InSPIRE/Sites/Westport_B_Community_Solar_Garden,Grazing,6,7.8,2018,,Fixed,,,Sheep
Whistling Winds DPC Solar,https://openei.org/wiki/InSPIRE/Sites/Whistling_Winds_DPC_Solar,Habitat,2.1,13.6,2017,,Single-axis Tracking,Pollinator,,
White Cloud Solar,https://openei.org/wiki/InSPIRE/Sites/White_Cloud_Solar,Habitat,1.4,8.9,2019,,Single-axis Tracking,Pollinator,,
Whittier,https://openei.org/wiki/InSPIRE/Sites/Whittier,Grazing,2.6,10,2019,,Single-axis Tracking,,,Sheep
Wildflower Solar,https://openei.org/wiki/InSPIRE/Sites/Wildflower_Solar,"Habitat,Grazing",16.5,69,2020,,Single-axis Tracking,Pollinator,,Sheep
Winona II,https://openei.org/wiki/InSPIRE/Sites/Winona_II,Habitat,1.4,11.16,,,Single-axis Tracking,Native grasses,,
Winona Solar,https://openei.org/wiki/InSPIRE/Sites/Winona_Solar,Habitat,1.4,10.64,2019,,Single-axis Tracking,Native grasses,,
Woodline Solar,https://openei.org/wiki/InSPIRE/Sites/Woodline_Solar,Habitat,11.16,60,2017,,Single-axis Tracking,Pollinator,,
Woodmere Solar Farm,https://openei.org/wiki/InSPIRE/Sites/Woodmere_Solar_Farm,Grazing,18.8,80,2015,Other,Single-axis Tracking,,,Sheep
Woolford Solar,https://openei.org/wiki/InSPIRE/Sites/Woolford_Solar,Habitat,1.5,8.5,2019,,Single-axis Tracking,Pollinator,,
Wrenshall Solar,https://openei.org/wiki/InSPIRE/Sites/Wrenshall_Solar,Habitat,1.4,10,2018,,Single-axis Tracking,Pollinator,,
"Wyoming 2 CSG, LLC","https://openei.org/wiki/InSPIRE/Sites/Wyoming_2_CSG,_LLC","Habitat,Grazing",6.5,39.6,2018,,Fixed,Native grasses,,Sheep
York Solar,https://openei.org/wiki/InSPIRE/Sites/York_Solar,Habitat,1.8,10.6,,,Single-axis Tracking,Pollinator,,
Zumbro Solar Garden,https://openei.org/wiki/InSPIRE/Sites/Zumbro_Solar_Garden,Habitat,1.3,4.08,2020,,Fixed,Native grasses,,
hacienda Gosen-UPR-Agroenergia,https://openei.org/wiki/InSPIRE/Sites/hacienda_Gosen-UPR-Agroenergia,Crop Production,0.255,0.05,2024,Monofacial PV,Fixed,,"Beans, Eggplant",
